{"_rejected_tensors_proportion": 0.0002980848051270524, "_rejected_tensor_count": 13419, "_tensor_count": 13415, "_categories_count": 5, "single": {"count": 44, "frequency": 0.0016394532230402, "categories_count": 1, "domain_classes": [{"random": [100.0, 100.0], "count": 44, "values": {"in_range": 0.9772727272727273, "out_of_range": 0.022727272727272728}, "frequency": 1.0}], "parameters": [{"keys": {}, "stats": {}, "conditional_frequency": 1.0, "overall_frequency": 0.0032799105478941485, "count": 44}]}, "full_channels": {"count": 13274, "frequency": 0.9959553800532484, "categories_count": 2, "domain_classes": [{"random": [100.0, 100.0], "count": 13274, "values": {"in_range": 0.998460578528975, "zero": 0.00043303863046339336, "flip": 0.00018898071567239634, "out_of_range": 0.0009174021248893001}, "frequency": 1.0}], "parameters": [{"keys": {"avg_channel_corruption_pct": [90.0, 100.0], "affected_channels_pct": [90.0, 100.0]}, "stats": {"max_corrupted_channels": 128, "min_channel_skip": 1, "max_channel_skip": 1}, "conditional_frequency": 0.995856561699563, "overall_frequency": 0.9853894893775624, "count": 13219}, {"keys": {"avg_channel_corruption_pct": {"RANDOM": [[70.0, 80.0], [90.0, 100.0], [80.0, 90.0], [50.0, 60.0], [60.0, 70.0]]}, "affected_channels_pct": {"RANDOM": [[20.0, 30.0], [0.0, 10.0]]}}, "stats": {"max_corrupted_channels": {"RANDOM": [32, 1]}, "min_channel_skip": 1, "max_channel_skip": {"RANDOM": [1, 2]}}, "conditional_frequency": 0.004143438300436945, "overall_frequency": 0.004099888184867686, "count": 55}]}, "single_channel_random": {"count": 16, "frequency": 2.6558551618805523e-05, "categories_count": 1, "domain_classes": [{"random": [100.0, 100.0], "count": 16, "values": {"in_range": 0.9996924023377423, "flip": 0.00030759766225776686}, "frequency": 1.0}], "parameters": [{"keys": {"channel_corruption_pct": {"RANDOM": [[20.0, 30.0], [0.0, 10.0], [10.0, 20.0], [40.0, 50.0], [30.0, 40.0]]}}, "stats": {"max_cardinality": {"RANDOM": [196, 70, 462, 214, 408]}, "min_value_skip": 1, "max_value_skip": {"RANDOM": [32, 12, 15, 18, 254]}}, "conditional_frequency": 1.0, "overall_frequency": 0.0011926947446887811, "count": 16}]}, "bullet_wake": {"count": 68, "frequency": 0.0023782745859198, "categories_count": 1, "domain_classes": [{"random": [100.0, 100.0], "count": 68, "values": {"out_of_range": 0.5129457743038593, "in_range": 0.44015632633121643, "zero": 0.04689789936492428}, "frequency": 1.0}], "parameters": [{"keys": {"affected_channels_pct": {"RANDOM": [[20.0, 30.0], [0.0, 10.0], [10.0, 20.0]]}}, "stats": {"max_corrupted_channels": {"RANDOM": [32, 6, 23]}, "min_channel_skip": 1, "max_channel_skip": {"RANDOM": [8, 4, 5]}}, "conditional_frequency": 1.0, "overall_frequency": 0.0050689526649273205, "count": 68}]}, "shattered_channel": {"count": 13, "frequency": 2.196724915476757e-08, "categories_count": 1, "domain_classes": [{"random": [100.0, 100.0], "count": 13, "values": {"in_range": 0.9996691689050279, "zero": 8.664623915937394e-05, "flip": 0.0002441848558127811}, "frequency": 1.0}], "parameters": [{"keys": {"avg_span_corruption_pct": {"RANDOM": [[40.0, 50.0], [90.0, 100.0], [10.0, 20.0]]}, "affected_channels_pct": [20.0, 30.0]}, "stats": {"max_corrupted_channels": 32, "min_channel_skip": 1, "max_channel_skip": 1, "min_span_width": {"RANDOM": [1024, 161]}, "max_span_width": {"RANDOM": [496, 1024]}}, "conditional_frequency": 1.0, "overall_frequency": 0.0009690644800596348, "count": 13}]}}