{"_rejected_tensors_proportion": 7.554011179933262e-05, "_rejected_tensor_count": 13238, "_tensor_count": 13237, "_categories_count": 7, "single": {"count": 41, "frequency": 0.0011647845300437, "categories_count": 1, "domain_classes": [{"random": [100.0, 100.0], "count": 41, "values": {"in_range": 0.9512195121951219, "out_of_range": 0.04878048780487805}, "frequency": 1.0}], "parameters": [{"keys": {}, "stats": {}, "conditional_frequency": 1.0, "overall_frequency": 0.0030973785600966986, "count": 41}]}, "bullet_wake": {"count": 18, "frequency": 5.163671725390784e-07, "categories_count": 1, "domain_classes": [{"random": [100.0, 100.0], "count": 18, "values": {"out_of_range": 0.36585365853658536, "in_range": 0.17886178861788618, "zero": 0.45528455284552843}, "frequency": 1.0}], "parameters": [{"keys": {"affected_channels_pct": [0.0, 10.0]}, "stats": {"max_corrupted_channels": 8, "min_channel_skip": 1, "max_channel_skip": 5}, "conditional_frequency": 1.0, "overall_frequency": 0.0013598247337009896, "count": 18}]}, "single_channel_random": {"count": 9, "frequency": 3.258164124285801e-05, "categories_count": 1, "domain_classes": [{"random": [100.0, 100.0], "count": 9, "values": {"in_range": 0.8456591639871383, "out_of_range": 0.15434083601286175}, "frequency": 1.0}], "parameters": [{"keys": {"channel_corruption_pct": {"RANDOM": [[40.0, 50.0], [0.0, 10.0], [10.0, 20.0]]}}, "stats": {"max_cardinality": {"RANDOM": [48, 14, 119]}, "min_value_skip": 1, "max_value_skip": {"RANDOM": [16, 98, 52]}}, "conditional_frequency": 1.0, "overall_frequency": 0.0006799123668504948, "count": 9}]}, "full_channels": {"count": 13120, "frequency": 0.9982856955606686, "categories_count": 2, "domain_classes": [{"random": [100.0, 100.0], "count": 13120, "values": {"in_range": 0.9992366093216279, "zero": 0.0005054684600388393, "flip": 0.00013377712850702226, "out_of_range": 0.00012414508982623568}, "frequency": 1.0}], "parameters": [{"keys": {"avg_channel_corruption_pct": [90.0, 100.0], "affected_channels_pct": [90.0, 100.0]}, "stats": {"max_corrupted_channels": 256, "min_channel_skip": 1, "max_channel_skip": 1}, "conditional_frequency": 0.9935975609756098, "overall_frequency": 0.9848152904736723, "count": 13036}, {"keys": {"avg_channel_corruption_pct": {"RANDOM": [[70.0, 80.0], [90.0, 100.0], [80.0, 90.0], [50.0, 60.0], [60.0, 70.0]]}, "affected_channels_pct": [0.0, 10.0]}, "stats": {"max_corrupted_channels": 8, "min_channel_skip": 1, "max_channel_skip": 1}, "conditional_frequency": 0.0064024390243902435, "overall_frequency": 0.006345848757271285, "count": 84}]}, "shattered_channel": {"count": 35, "frequency": 0.0001721581691947, "categories_count": 1, "domain_classes": [{"random": [100.0, 100.0], "count": 35, "values": {"in_range": 0.8810572687224669, "flip": 9.57670944263551e-05, "out_of_range": 0.11875119708868033, "zero": 9.57670944263551e-05}, "frequency": 1.0}], "parameters": [{"keys": {"avg_span_corruption_pct": {"RANDOM": [[20.0, 30.0], [0.0, 10.0], [90.0, 100.0], [10.0, 20.0], [80.0, 90.0]]}, "affected_channels_pct": [0.0, 10.0]}, "stats": {"max_corrupted_channels": {"RANDOM": [8, 7]}, "min_channel_skip": 1, "max_channel_skip": {"RANDOM": [1, 2]}, "min_span_width": {"RANDOM": [256, 67, 35, 71, 221]}, "max_span_width": {"RANDOM": [256, 67, 131, 242, 254]}}, "conditional_frequency": 1.0, "overall_frequency": 0.0026441036488630354, "count": 35}]}, "quasi_shattered_channel": {"count": 9, "frequency": 0.0003440484047562, "categories_count": 1, "domain_classes": [{"random": [100.0, 100.0], "count": 9, "values": {"in_range": 1.0}, "frequency": 1.0}], "parameters": [{"keys": {"avg_span_corruption_pct": {"RANDOM": [[20.0, 30.0], [0.0, 10.0], [70.0, 80.0], [10.0, 20.0], [60.0, 70.0], [40.0, 50.0]]}, "affected_channels_pct": [0.0, 10.0]}, "stats": {"max_corrupted_channels": {"RANDOM": [8, 5, 7]}, "min_channel_skip": 1, "max_channel_skip": {"RANDOM": [1, 2, 3]}, "min_span_width": {"RANDOM": [80, 1, 218, 2]}, "max_span_width": {"RANDOM": [256, 226, 7, 8, 242]}}, "conditional_frequency": 1.0, "overall_frequency": 0.0006799123668504948, "count": 9}]}, "multi_channel_block": {"count": 5, "frequency": 7.561544785276933e-08, "categories_count": 1, "domain_classes": [{"random": [100.0, 100.0], "count": 5, "values": {"in_range": 0.7390846922672277, "out_of_range": 0.2609153077327722}, "frequency": 1.0}], "parameters": [{"keys": {"block_size": {"RANDOM": [64, 32]}, "avg_block_corruption_pct": {"RANDOM": [[60.0, 70.0], [90.0, 100.0]]}, "affected_channels_pct": [0.0, 10.0]}, "stats": {"max_corrupted_channels": 8, "min_channel_skip": 1, "max_channel_skip": 1}, "conditional_frequency": 1.0, "overall_frequency": 0.00037772909269471935, "count": 5}]}}