{"_rejected_tensors_proportion": 7.474958887720984e-05, "_rejected_tensor_count": 13378, "_tensor_count": 13377, "_categories_count": 4, "single": {"count": 56, "frequency": 0.0011657143604619, "categories_count": 1, "domain_classes": [{"random": [100.0, 100.0], "count": 56, "values": {"in_range": 0.9821428571428571, "out_of_range": 0.017857142857142856}, "frequency": 1.0}], "parameters": [{"keys": {}, "stats": {}, "conditional_frequency": 1.0, "overall_frequency": 0.004186289900575615, "count": 56}]}, "bullet_wake": {"count": 70, "frequency": 0.0059740866065848, "categories_count": 1, "domain_classes": [{"random": [100.0, 100.0], "count": 70, "values": {"out_of_range": 0.18775510204081633, "in_range": 0.5877551020408164, "zero": 0.22448979591836735}, "frequency": 1.0}], "parameters": [{"keys": {"affected_channels_pct": {"RANDOM": [[0.0, 10.0], [10.0, 20.0]]}}, "stats": {"max_corrupted_channels": {"RANDOM": [8, 6]}, "min_channel_skip": 1, "max_channel_skip": {"RANDOM": [2, 6]}}, "conditional_frequency": 1.0, "overall_frequency": 0.0052328623757195184, "count": 70}]}, "full_channels": {"count": 13244, "frequency": 0.9928601005804688, "categories_count": 2, "domain_classes": [{"random": [100.0, 100.0], "count": 13244, "values": {"in_range": 0.9986121592526837, "zero": 0.0007771127628099663, "flip": 9.143352616565681e-05, "out_of_range": 0.0005192944583407098}, "frequency": 1.0}], "parameters": [{"keys": {"avg_channel_corruption_pct": [90.0, 100.0], "affected_channels_pct": [90.0, 100.0]}, "stats": {"max_corrupted_channels": 64, "min_channel_skip": 1, "max_channel_skip": 1}, "conditional_frequency": 0.9972062820900031, "overall_frequency": 0.9872916199446812, "count": 13207}, {"keys": {"avg_channel_corruption_pct": {"RANDOM": [[70.0, 80.0], [90.0, 100.0], [80.0, 90.0], [50.0, 60.0], [60.0, 70.0]]}, "affected_channels_pct": {"RANDOM": [[0.0, 10.0], [10.0, 20.0]]}}, "stats": {"max_corrupted_channels": {"RANDOM": [8, 1]}, "min_channel_skip": 1, "max_channel_skip": 1}, "conditional_frequency": 0.00279371790999698, "overall_frequency": 0.0027659415414517455, "count": 37}]}, "shattered_channel": {"count": 7, "frequency": 2.3749993054697515e-08, "categories_count": 1, "domain_classes": [{"random": [100.0, 100.0], "count": 7, "values": {"in_range": 0.8020377461706784, "flip": 0.00020514223194748358, "zero": 0.1977571115973742}, "frequency": 1.0}], "parameters": [{"keys": {"avg_span_corruption_pct": [90.0, 100.0], "affected_channels_pct": [10.0, 20.0]}, "stats": {"max_corrupted_channels": 8, "min_channel_skip": 1, "max_channel_skip": 1, "min_span_width": 152, "max_span_width": 385}, "conditional_frequency": 1.0, "overall_frequency": 0.0005232862375719519, "count": 7}]}}