{"_rejected_tensors_proportion": 0.0005231689088190938, "_rejected_tensor_count": 13380, "_tensor_count": 13373, "_categories_count": 2, "shattered_channel": {"count": 63, "frequency": 9.621947463518597e-07, "categories_count": 1, "domain_classes": [{"random": [100.0, 100.0], "count": 63, "values": {"nan": 0.0, "zero": 0.011226594731831165, "flip": 0.16298000634719137, "in_range": 0.8257933989209775, "out_of_range": 0.0}, "frequency": 1.0}], "parameters": [{"keys": {"avg_span_corruption_pct": {"RANDOM": [[70.0, 80.0], [90.0, 100.0], [10.0, 20.0], [50.0, 60.0], [30.0, 40.0]]}, "affected_channels_pct": [0.0, 10.0]}, "stats": {"max_corrupted_channels": 8, "min_channel_skip": 1, "max_channel_skip": 1, "min_span_width": {"RANDOM": [1024, 3]}, "max_span_width": 1024}, "conditional_frequency": 1.0, "overall_frequency": 0.004710984820160024, "count": 63}]}, "bullet_wake": {"count": 33, "frequency": 0.0069000201723381, "categories_count": 1, "domain_classes": [{"random": [100.0, 100.0], "count": 33, "values": {"nan": 0.0, "zero": 0.2612244897959184, "flip": 0.0, "in_range": 0.7387755102040816, "out_of_range": 0.0}, "frequency": 1.0}], "parameters": [{"keys": {"affected_channels_pct": [0.0, 10.0]}, "stats": {"max_corrupted_channels": 8, "min_channel_skip": 1, "max_channel_skip": 2}, "conditional_frequency": 1.0, "overall_frequency": 0.0024676587153219173, "count": 33}]}, "full_channels": {"count": 13277, "frequency": 0.9928283591874356, "categories_count": 1, "domain_classes": [{"in_range": [100.0, 100.0], "count": 13135, "frequency": 0.9893048128342246}, {"in_range": [87.5, 100], "zero": [0.0, 12.5], "count": 136, "frequency": 0.010243277848911651}, {"random": [100.0, 100.0], "count": 6, "values": {"nan": 0.0, "zero": 0.00042415686990425174, "flip": 5.746324117835354e-10, "in_range": 0.9995758425554634, "out_of_range": 0.0}, "frequency": 0.00045190931686374934}], "parameters": [{"keys": {"avg_channel_corruption_pct": [90.0, 100.0], "affected_channels_pct": [90.0, 100.0]}, "stats": {"max_corrupted_channels": 128, "min_channel_skip": 1, "max_channel_skip": 1}, "conditional_frequency": 1.0, "overall_frequency": 0.9928213564645181, "count": 13277}]}}