{"_rejected_tensors_proportion": 0.0003756009615384359, "_rejected_tensor_count": 13312, "_tensor_count": 13307, "_categories_count": 3, "bullet_wake": {"count": 42, "frequency": 0.0089600593652323, "categories_count": 1, "domain_classes": [{"random": [100.0, 100.0], "count": 42, "values": {"zero": 0.42902208201892744, "in_range": 0.5709779179810726}, "frequency": 1.0}], "parameters": [{"keys": {"affected_channels_pct": {"RANDOM": [[0.0, 10.0], [10.0, 20.0]]}}, "stats": {"max_corrupted_channels": {"RANDOM": [8, 6]}, "min_channel_skip": 1, "max_channel_skip": {"RANDOM": [2, 3]}}, "conditional_frequency": 1.0, "overall_frequency": 0.003156233561283535, "count": 42}]}, "full_channels": {"count": 13252, "frequency": 0.989983381477447, "categories_count": 2, "domain_classes": [{"in_range": [100.0, 100.0], "count": 13078, "frequency": 0.9868699064292182}, {"random": [100.0, 100.0], "count": 174, "values": {"in_range": 0.9992578215175286, "zero": 0.0006689117811376285, "out_of_range": 6.924146421406907e-09, "flip": 7.325977718729221e-05}, "frequency": 0.013130093570781768}], "parameters": [{"keys": {"avg_channel_corruption_pct": [90.0, 100.0], "affected_channels_pct": [90.0, 100.0]}, "stats": {"max_corrupted_channels": 64, "min_channel_skip": 1, "max_channel_skip": 1}, "conditional_frequency": 0.9977361907636583, "overall_frequency": 0.9936123844593071, "count": 13222}, {"keys": {"avg_channel_corruption_pct": {"RANDOM": [[70.0, 80.0], [90.0, 100.0], [80.0, 90.0], [50.0, 60.0], [60.0, 70.0]]}, "affected_channels_pct": [10.0, 20.0]}, "stats": {"max_corrupted_channels": 8, "min_channel_skip": 1, "max_channel_skip": 1}, "conditional_frequency": 0.0022638092363416844, "overall_frequency": 0.0022544525437739535, "count": 30}]}, "shattered_channel": {"count": 13, "frequency": 2.6587170141143853e-08, "categories_count": 1, "domain_classes": [{"random": [100.0, 100.0], "count": 13, "values": {"zero": 0.000323454493995876, "in_range": 0.9996765455060042}, "frequency": 1.0}], "parameters": [{"keys": {"avg_span_corruption_pct": {"RANDOM": [[20.0, 30.0], [90.0, 100.0], [30.0, 40.0]]}, "affected_channels_pct": [10.0, 20.0]}, "stats": {"max_corrupted_channels": 8, "min_channel_skip": 1, "max_channel_skip": 1, "min_span_width": {"RANDOM": [1024, 2]}, "max_span_width": {"RANDOM": [1024, 470]}}, "conditional_frequency": 1.0, "overall_frequency": 0.0009769294356353798, "count": 13}]}}