{"_rejected_tensors_proportion": 0.0002237470167064659, "_rejected_tensor_count": 13408, "_tensor_count": 13405, "_categories_count": 4, "single": {"count": 58, "frequency": 0.0015971629698457, "categories_count": 1, "domain_classes": [{"random": [100.0, 100.0], "count": 58, "values": {"in_range": 0.9655172413793104, "out_of_range": 0.034482758620689655}, "frequency": 1.0}], "parameters": [{"keys": {}, "stats": {}, "conditional_frequency": 1.0, "overall_frequency": 0.00432674375233122, "count": 58}]}, "bullet_wake": {"count": 51, "frequency": 0.004504592140606, "categories_count": 1, "domain_classes": [{"random": [100.0, 100.0], "count": 51, "values": {"out_of_range": 0.1592920353982301, "in_range": 0.5811209439528023, "zero": 0.25958702064896755}, "frequency": 1.0}], "parameters": [{"keys": {"affected_channels_pct": [0.0, 10.0]}, "stats": {"max_corrupted_channels": 8, "min_channel_skip": 1, "max_channel_skip": 4}, "conditional_frequency": 1.0, "overall_frequency": 0.0038045505408429692, "count": 51}]}, "full_channels": {"count": 13284, "frequency": 0.9938980931706958, "categories_count": 2, "domain_classes": [{"random": [100.0, 100.0], "count": 13284, "values": {"in_range": 0.9988310400752844, "zero": 0.0007615682851201081, "flip": 0.00017076820488530356, "out_of_range": 0.00023662343471008565}, "frequency": 1.0}], "parameters": [{"keys": {"avg_channel_corruption_pct": [90.0, 100.0], "affected_channels_pct": [90.0, 100.0]}, "stats": {"max_corrupted_channels": 128, "min_channel_skip": 1, "max_channel_skip": 1}, "conditional_frequency": 0.9980427582053598, "overall_frequency": 0.9890339425587468, "count": 13258}, {"keys": {"avg_channel_corruption_pct": {"RANDOM": [[70.0, 80.0], [90.0, 100.0], [80.0, 90.0], [50.0, 60.0], [60.0, 70.0]]}, "affected_channels_pct": [0.0, 10.0]}, "stats": {"max_corrupted_channels": 8, "min_channel_skip": 1, "max_channel_skip": 1}, "conditional_frequency": 0.0019572417946401685, "overall_frequency": 0.0019395747855277881, "count": 26}]}, "shattered_channel": {"count": 12, "frequency": 4.1180112181143215e-08, "categories_count": 1, "domain_classes": [{"random": [100.0, 100.0], "count": 12, "values": {"in_range": 0.8876233286350996, "flip": 0.000609500590453697, "zero": 0.11176717077444669}, "frequency": 1.0}], "parameters": [{"keys": {"avg_span_corruption_pct": {"RANDOM": [[80.0, 90.0], [90.0, 100.0], [10.0, 20.0]]}, "affected_channels_pct": [0.0, 10.0]}, "stats": {"max_corrupted_channels": 8, "min_channel_skip": 1, "max_channel_skip": 1, "min_span_width": {"RANDOM": [464, 1024, 70]}, "max_span_width": {"RANDOM": [464, 1024, 534]}}, "conditional_frequency": 1.0, "overall_frequency": 0.0008951883625512868, "count": 12}]}}