{"_rejected_tensors_proportion": 8.269246671632757e-05, "_rejected_tensor_count": 12093, "_tensor_count": 12092, "_categories_count": 8, "full_channels": {"count": 11876, "frequency": 0.9990716259949504, "categories_count": 2, "domain_classes": [{"in_range": [100.0, 100.0], "count": 11704, "frequency": 0.985517009093971}, {"in_range": [87.5, 100.0], "out_of_range": [0.0, 100], "count": 151, "frequency": 0.012714718760525429}, {"random": [100.0, 100.0], "count": 21, "values": {"in_range": 0.9998679575238903, "out_of_range": 0.00013204247610968764}, "frequency": 0.0017682721455035365}], "parameters": [{"keys": {"avg_channel_corruption_pct": [90.0, 100.0], "affected_channels_pct": [90.0, 100.0]}, "stats": {"max_corrupted_channels": 512, "min_channel_skip": 1, "max_channel_skip": 1}, "conditional_frequency": 0.9845907713034692, "overall_frequency": 0.9670029771749917, "count": 11693}, {"keys": {"avg_channel_corruption_pct": {"RANDOM": [[70.0, 80.0], [90.0, 100.0], [80.0, 90.0], [50.0, 60.0], [60.0, 70.0]]}, "affected_channels_pct": [0.0, 10.0]}, "stats": {"max_corrupted_channels": 8, "min_channel_skip": 1, "max_channel_skip": 1}, "conditional_frequency": 0.015409228696530818, "overall_frequency": 0.015133972874627854, "count": 183}]}, "shattered_channel": {"count": 87, "frequency": 2.822298629341983e-07, "categories_count": 1, "domain_classes": [{"random": [100.0, 100.0], "count": 87, "values": {"in_range": 0.9813269155273354, "out_of_range": 0.018673084472664584}, "frequency": 1.0}], "parameters": [{"keys": {"avg_span_corruption_pct": {"RANDOM": [[20.0, 30.0], [0.0, 10.0], [70.0, 80.0], [90.0, 100.0], [10.0, 20.0], [80.0, 90.0], [50.0, 60.0], [60.0, 70.0], [40.0, 50.0], [30.0, 40.0]]}, "affected_channels_pct": [0.0, 10.0]}, "stats": {"max_corrupted_channels": 8, "min_channel_skip": 1, "max_channel_skip": {"RANDOM": [1, 2]}, "min_span_width": {"RANDOM": [160, 32, 2, 67, 35, 97, 8, 213, 217, 190]}, "max_span_width": {"RANDOM": [256, 130, 103, 241, 242, 243, 255]}}, "conditional_frequency": 1.0, "overall_frequency": 0.007194839563347668, "count": 87}]}, "quasi_shattered_channel": {"count": 32, "frequency": 0.0006331856571467, "categories_count": 1, "domain_classes": [{"random": [100.0, 100.0], "count": 32, "values": {"in_range": 1.0}, "frequency": 1.0}], "parameters": [{"keys": {"avg_span_corruption_pct": {"RANDOM": [[20.0, 30.0], [0.0, 10.0], [10.0, 20.0], [60.0, 70.0], [30.0, 40.0]]}, "affected_channels_pct": [0.0, 10.0]}, "stats": {"max_corrupted_channels": {"RANDOM": [8, 6]}, "min_channel_skip": 1, "max_channel_skip": {"RANDOM": [1, 2, 3]}, "min_span_width": {"RANDOM": [81, 1]}, "max_span_width": {"RANDOM": [10, 242, 180, 218, 253]}}, "conditional_frequency": 1.0, "overall_frequency": 0.0026463777704267286, "count": 32}]}, "bullet_wake": {"count": 21, "frequency": 1.1367038192491402e-06, "categories_count": 1, "domain_classes": [{"random": [100.0, 100.0], "count": 21, "values": {"out_of_range": 0.49324324324324326, "in_range": 0.5067567567567568}, "frequency": 1.0}], "parameters": [{"keys": {"affected_channels_pct": [0.0, 10.0]}, "stats": {"max_corrupted_channels": 8, "min_channel_skip": 1, "max_channel_skip": 5}, "conditional_frequency": 1.0, "overall_frequency": 0.0017366854118425405, "count": 21}]}, "single": {"count": 34, "frequency": 2.4146921571640506e-06, "categories_count": 1, "domain_classes": [{"random": [100.0, 100.0], "count": 34, "values": {"in_range": 0.9117647058823529, "out_of_range": 0.08823529411764706}, "frequency": 1.0}], "parameters": [{"keys": {}, "stats": {}, "conditional_frequency": 1.0, "overall_frequency": 0.002811776381078399, "count": 34}]}, "single_channel_random": {"count": 28, "frequency": 8.009483903093517e-05, "categories_count": 1, "domain_classes": [{"random": [100.0, 100.0], "count": 28, "values": {"in_range": 0.6968716289104638, "out_of_range": 0.30312837108953616}, "frequency": 1.0}], "parameters": [{"keys": {"channel_corruption_pct": {"RANDOM": [[30.0, 40.0], [20.0, 30.0], [0.0, 10.0], [10.0, 20.0]]}}, "stats": {"max_cardinality": {"RANDOM": [25, 93, 45, 71]}, "min_value_skip": 1, "max_value_skip": {"RANDOM": [20, 44, 45, 110]}}, "conditional_frequency": 1.0, "overall_frequency": 0.002315580549123387, "count": 28}]}, "skip_4": {"count": 5, "frequency": 0.0004134965266291763, "categories_count": 1, "domain_classes": [{"random": [100.0, 100.0], "count": 5, "values": {"in_range": 1.0}, "frequency": 1.0}], "parameters": [{"keys": {"skip_amount": 4, "unique_channel_indexes": {"RANDOM": [2, 3]}, "indexes_corruption_pct": [90.0, 100.0], "affected_channels_pct": [0.0, 10.0]}, "stats": {"max_corrupted_channels": {"RANDOM": [1, 4]}, "min_channel_skip": 1, "max_channel_skip": {"RANDOM": [1, 4]}}, "conditional_frequency": 1.0, "overall_frequency": 0.0004134965266291763, "count": 5}]}, "multi_channel_block": {"count": 9, "frequency": 2.8911506358736948e-08, "categories_count": 1, "domain_classes": [{"random": [100.0, 100.0], "count": 9, "values": {"in_range": 1.0}, "frequency": 1.0}], "parameters": [{"keys": {"block_size": {"RANDOM": [32, 64]}, "avg_block_corruption_pct": {"RANDOM": [[20.0, 30.0], [70.0, 80.0], [50.0, 60.0], [60.0, 70.0], [40.0, 50.0]]}, "affected_channels_pct": [0.0, 10.0]}, "stats": {"max_corrupted_channels": 8, "min_channel_skip": 1, "max_channel_skip": 1}, "conditional_frequency": 1.0, "overall_frequency": 0.0007442937479325174, "count": 9}]}}