{"_rejected_tensors_proportion": 0.0004501462975466941, "_rejected_tensor_count": 13329, "_tensor_count": 13323, "_categories_count": 4, "single": {"count": 22, "frequency": 0.0007737488506906, "categories_count": 1, "domain_classes": [{"random": [100.0, 100.0], "count": 22, "values": {"in_range": 1.0}, "frequency": 1.0}], "parameters": [{"keys": {}, "stats": {}, "conditional_frequency": 1.0, "overall_frequency": 0.001651279741799895, "count": 22}]}, "full_channels": {"count": 13242, "frequency": 0.9961125930256868, "categories_count": 2, "domain_classes": [{"in_range": [100.0, 100.0], "count": 12956, "frequency": 0.9784020540703822}, {"random": [100.0, 100.0], "count": 286, "values": {"in_range": 0.9986249209480199, "out_of_range": 0.0008870331801606043, "zero": 0.00048804587181944795}, "frequency": 0.021597945929617883}], "parameters": [{"keys": {"avg_channel_corruption_pct": [90.0, 100.0], "affected_channels_pct": [90.0, 100.0]}, "stats": {"max_corrupted_channels": 128, "min_channel_skip": 1, "max_channel_skip": 1}, "conditional_frequency": 0.9969037909681318, "overall_frequency": 0.9908429032500188, "count": 13201}, {"keys": {"avg_channel_corruption_pct": {"RANDOM": [[70.0, 80.0], [90.0, 100.0], [80.0, 90.0], [50.0, 60.0], [60.0, 70.0]]}, "affected_channels_pct": {"RANDOM": [[0.0, 10.0], [10.0, 20.0]]}}, "stats": {"max_corrupted_channels": {"RANDOM": [16, 1]}, "min_channel_skip": 1, "max_channel_skip": 1}, "conditional_frequency": 0.003096209031868298, "overall_frequency": 0.0030773849733543497, "count": 41}]}, "bullet_wake": {"count": 46, "frequency": 0.0031107499172581, "categories_count": 1, "domain_classes": [{"random": [100.0, 100.0], "count": 46, "values": {"in_range": 0.2590975254730713, "zero": 0.3260553129548763, "out_of_range": 0.4148471615720524}, "frequency": 1.0}], "parameters": [{"keys": {"affected_channels_pct": {"RANDOM": [[0.0, 10.0], [10.0, 20.0]]}}, "stats": {"max_corrupted_channels": {"RANDOM": [16, 11]}, "min_channel_skip": 1, "max_channel_skip": {"RANDOM": [2, 5]}}, "conditional_frequency": 1.0, "overall_frequency": 0.0034526758237634165, "count": 46}]}, "shattered_channel": {"count": 13, "frequency": 8.19205988909401e-08, "categories_count": 1, "domain_classes": [{"random": [100.0, 100.0], "count": 13, "values": {"zero": 0.00029136467931674984, "in_range": 0.9586262155370215, "out_of_range": 0.04108241978366173}, "frequency": 1.0}], "parameters": [{"keys": {"avg_span_corruption_pct": {"RANDOM": [[0.0, 10.0], [90.0, 100.0]]}, "affected_channels_pct": [10.0, 20.0]}, "stats": {"max_corrupted_channels": 16, "min_channel_skip": 1, "max_channel_skip": 1, "min_span_width": {"RANDOM": [1024, 70]}, "max_span_width": {"RANDOM": [1024, 485]}}, "conditional_frequency": 1.0, "overall_frequency": 0.0009757562110635743, "count": 13}]}}