{"_rejected_tensors_proportion": 1.494544911073703e-05, "_rejected_tensor_count": 66910, "_tensor_count": 66909, "_categories_count": 7, "single_channel_random": {"count": 54, "frequency": 5.472652267360258e-05, "categories_count": 1, "domain_classes": [{"random": [100.0, 100.0], "count": 54, "values": {"in_range": 1.0}, "frequency": 1.0}], "parameters": [{"keys": {"channel_corruption_pct": {"RANDOM": [[20.0, 30.0], [0.0, 10.0], [10.0, 20.0], [40.0, 50.0], [30.0, 40.0]]}}, "stats": {"max_cardinality": {"RANDOM": [99, 75, 51, 22, 124]}, "min_value_skip": 1, "max_value_skip": {"RANDOM": [135, 45, 47, 16, 15]}}, "conditional_frequency": 1.0, "overall_frequency": 0.0008070663139487962, "count": 54}]}, "single": {"count": 117, "frequency": 0.0004203344248082, "categories_count": 1, "domain_classes": [{"random": [100.0, 100.0], "count": 117, "values": {"in_range": 1.0}, "frequency": 1.0}], "parameters": [{"keys": {}, "stats": {}, "conditional_frequency": 1.0, "overall_frequency": 0.0017486436802223917, "count": 117}]}, "full_channels": {"count": 66430, "frequency": 0.9965373822254232, "categories_count": 2, "domain_classes": [{"in_range": [100.0, 100.0], "count": 65183, "frequency": 0.9812283606804155}, {"random": [100.0, 100.0], "count": 1247, "values": {"in_range": 0.9988990038868316, "out_of_range": 0.0009116951817279478, "zero": 0.0001893000081856693, "flip": 9.232547933683159e-10}, "frequency": 0.018771639319584525}], "parameters": [{"keys": {"avg_channel_corruption_pct": [90.0, 100.0], "affected_channels_pct": [90.0, 100.0]}, "stats": {"max_corrupted_channels": 128, "min_channel_skip": 1, "max_channel_skip": 1}, "conditional_frequency": 0.994806563299714, "overall_frequency": 0.9876847658760406, "count": 66085}, {"keys": {"avg_channel_corruption_pct": {"RANDOM": [[70.0, 80.0], [90.0, 100.0], [80.0, 90.0], [50.0, 60.0], [60.0, 70.0]]}, "affected_channels_pct": {"RANDOM": [[0.0, 10.0], [10.0, 20.0]]}}, "stats": {"max_corrupted_channels": {"RANDOM": [16, 1]}, "min_channel_skip": 1, "max_channel_skip": 1}, "conditional_frequency": 0.005193436700286015, "overall_frequency": 0.005156257005783975, "count": 345}]}, "bullet_wake": {"count": 216, "frequency": 0.0029857684596269, "categories_count": 1, "domain_classes": [{"random": [100.0, 100.0], "count": 216, "values": {"in_range": 0.609273570324575, "out_of_range": 0.26213292117465226, "zero": 0.1285935085007728}, "frequency": 1.0}], "parameters": [{"keys": {"affected_channels_pct": {"RANDOM": [[0.0, 10.0], [10.0, 20.0]]}}, "stats": {"max_corrupted_channels": {"RANDOM": [16, 12]}, "min_channel_skip": 1, "max_channel_skip": {"RANDOM": [3, 6]}}, "conditional_frequency": 1.0, "overall_frequency": 0.0032282652557951846, "count": 216}]}, "single_block": {"count": 10, "frequency": 1.453077275383628e-06, "categories_count": 1, "domain_classes": [{"random": [100.0, 100.0], "count": 10, "values": {"in_range": 1.0}, "frequency": 1.0}], "parameters": [{"keys": {"block_size": {"RANDOM": [64, 32]}, "block_corruption_pct": {"RANDOM": [[80.0, 90.0], [60.0, 70.0], [70.0, 80.0], [50.0, 60.0]]}}, "stats": {}, "conditional_frequency": 1.0, "overall_frequency": 0.00014945672480533263, "count": 10}]}, "shattered_channel": {"count": 49, "frequency": 6.062964623671276e-08, "categories_count": 1, "domain_classes": [{"random": [100.0, 100.0], "count": 49, "values": {"in_range": 0.9573970493656331, "zero": 0.016097912728264895, "out_of_range": 0.026505037906102005}, "frequency": 1.0}], "parameters": [{"keys": {"avg_span_corruption_pct": {"RANDOM": [[20.0, 30.0], [0.0, 10.0], [90.0, 100.0], [10.0, 20.0], [40.0, 50.0], [30.0, 40.0]]}, "affected_channels_pct": [10.0, 20.0]}, "stats": {"max_corrupted_channels": 16, "min_channel_skip": 1, "max_channel_skip": 1, "min_span_width": {"RANDOM": [256, 2]}, "max_span_width": {"RANDOM": [256, 130]}}, "conditional_frequency": 1.0, "overall_frequency": 0.0007323379515461298, "count": 49}]}, "multi_channel_block": {"count": 33, "frequency": 2.5619658161365253e-08, "categories_count": 1, "domain_classes": [{"random": [100.0, 100.0], "count": 33, "values": {"in_range": 0.9868312757201646, "zero": 0.01316872427983539}, "frequency": 1.0}], "parameters": [{"keys": {"block_size": {"RANDOM": [64, 16, 32]}, "avg_block_corruption_pct": {"RANDOM": [[70.0, 80.0], [90.0, 100.0], [80.0, 90.0], [50.0, 60.0], [60.0, 70.0], [40.0, 50.0]]}, "affected_channels_pct": [10.0, 20.0]}, "stats": {"max_corrupted_channels": 16, "min_channel_skip": 1, "max_channel_skip": 1}, "conditional_frequency": 1.0, "overall_frequency": 0.0004932071918575976, "count": 33}]}}