{"_rejected_tensors_proportion": 4.486585110519137e-05, "_rejected_tensor_count": 66866, "_tensor_count": 66863, "_categories_count": 6, "single": {"count": 295, "frequency": 0.0019859783867124, "categories_count": 1, "domain_classes": [{"random": [100.0, 100.0], "count": 295, "values": {"in_range": 0.9830508474576272, "out_of_range": 0.01694915254237288}, "frequency": 1.0}], "parameters": [{"keys": {}, "stats": {}, "conditional_frequency": 1.0, "overall_frequency": 0.004412006640443893, "count": 295}]}, "single_channel_random": {"count": 39, "frequency": 5.825431977969821e-06, "categories_count": 1, "domain_classes": [{"random": [100.0, 100.0], "count": 39, "values": {"in_range": 0.999389437264679, "flip": 0.0005088022794342118, "zero": 0.00010176045588684237}, "frequency": 1.0}], "parameters": [{"keys": {"channel_corruption_pct": {"RANDOM": [[20.0, 30.0], [0.0, 10.0], [10.0, 20.0], [40.0, 50.0], [30.0, 40.0]]}}, "stats": {"max_cardinality": {"RANDOM": [197, 504, 298, 408, 91]}, "min_value_skip": 1, "max_value_skip": {"RANDOM": [32, 33, 36, 16, 25]}}, "conditional_frequency": 1.0, "overall_frequency": 0.000583282233821396, "count": 39}]}, "bullet_wake": {"count": 297, "frequency": 0.005399955570659, "categories_count": 1, "domain_classes": [{"random": [100.0, 100.0], "count": 297, "values": {"in_range": 0.7328841556183439, "out_of_range": 0.13475331449684852, "flip": 0.00021734405564007825, "zero": 0.13214518582916757}, "frequency": 1.0}], "parameters": [{"keys": {"affected_channels_pct": {"RANDOM": [[20.0, 30.0], [10.0, 20.0]]}}, "stats": {"max_corrupted_channels": {"RANDOM": [16, 12]}, "min_channel_skip": 1, "max_channel_skip": 3}, "conditional_frequency": 1.0, "overall_frequency": 0.004441918549870631, "count": 297}]}, "full_channels": {"count": 66163, "frequency": 0.9926079576824413, "categories_count": 2, "domain_classes": [{"random": [100.0, 100.0], "count": 66163, "values": {"in_range": 0.9986048848744596, "flip": 6.286561334660498e-05, "zero": 0.00043505826477917905, "out_of_range": 0.0008971912474145997}, "frequency": 1.0}], "parameters": [{"keys": {"avg_channel_corruption_pct": [90.0, 100.0], "affected_channels_pct": [90.0, 100.0]}, "stats": {"max_corrupted_channels": 64, "min_channel_skip": 1, "max_channel_skip": 1}, "conditional_frequency": 0.9965841935825159, "overall_frequency": 0.9861507859354202, "count": 65937}, {"keys": {"avg_channel_corruption_pct": {"RANDOM": [[70.0, 80.0], [90.0, 100.0], [80.0, 90.0], [50.0, 60.0], [60.0, 70.0]]}, "affected_channels_pct": {"RANDOM": [[20.0, 30.0], [0.0, 10.0]]}}, "stats": {"max_corrupted_channels": {"RANDOM": [16, 1]}, "min_channel_skip": 1, "max_channel_skip": 1}, "conditional_frequency": 0.0034158064174840924, "overall_frequency": 0.003380045765221423, "count": 226}]}, "shattered_channel": {"count": 62, "frequency": 5.278610976742587e-08, "categories_count": 1, "domain_classes": [{"random": [100.0, 100.0], "count": 62, "values": {"in_range": 0.9590277697681303, "zero": 0.040822289631415244, "flip": 0.00014994060045443535}, "frequency": 1.0}], "parameters": [{"keys": {"avg_span_corruption_pct": {"RANDOM": [[0.0, 10.0], [40.0, 50.0], [20.0, 30.0], [90.0, 100.0]]}, "affected_channels_pct": [20.0, 30.0]}, "stats": {"max_corrupted_channels": 16, "min_channel_skip": 1, "max_channel_skip": 1, "min_span_width": {"RANDOM": [1024, 5]}, "max_span_width": {"RANDOM": [1024, 482]}}, "conditional_frequency": 1.0, "overall_frequency": 0.0009272691922288859, "count": 62}]}, "multi_channel_block": {"count": 7, "frequency": 1.3952664491977355e-08, "categories_count": 1, "domain_classes": [{"random": [100.0, 100.0], "count": 7, "values": {"in_range": 0.9994129732902847, "zero": 0.000587026709715292}, "frequency": 1.0}], "parameters": [{"keys": {"block_size": {"RANDOM": [32, 16, 64]}, "avg_block_corruption_pct": {"RANDOM": [[80.0, 90.0], [60.0, 70.0], [90.0, 100.0], [50.0, 60.0]]}, "affected_channels_pct": [20.0, 30.0]}, "stats": {"max_corrupted_channels": 16, "min_channel_skip": 1, "max_channel_skip": 1}, "conditional_frequency": 1.0, "overall_frequency": 0.0001046916829935839, "count": 7}]}}