{"_rejected_tensors_proportion": 5.224543412218896e-05, "_rejected_tensor_count": 133983, "_tensor_count": 133976, "_categories_count": 6, "single": {"count": 348, "frequency": 0.0030862840377819, "categories_count": 1, "domain_classes": [{"random": [100.0, 100.0], "count": 348, "values": {"in_range": 1.0}, "frequency": 1.0}], "parameters": [{"keys": {}, "stats": {}, "conditional_frequency": 1.0, "overall_frequency": 0.002597480145697737, "count": 348}]}, "full_channels": {"count": 132768, "frequency": 0.9932056075436418, "categories_count": 2, "domain_classes": [{"in_range": [100.0, 100.0], "count": 130270, "frequency": 0.9811852253555073}, {"random": [100.0, 100.0], "count": 2498, "values": {"in_range": 0.9959769679659959, "out_of_range": 0.0033211144615143216, "zero": 0.0007019157281254404, "flip": 1.8443643322946117e-09}, "frequency": 0.01881477464449265}], "parameters": [{"keys": {"avg_channel_corruption_pct": [90.0, 100.0], "affected_channels_pct": [90.0, 100.0]}, "stats": {"max_corrupted_channels": 64, "min_channel_skip": 1, "max_channel_skip": 1}, "conditional_frequency": 0.9953603277898289, "overall_frequency": 0.9863856213053084, "count": 132152}, {"keys": {"avg_channel_corruption_pct": {"RANDOM": [[70.0, 80.0], [90.0, 100.0], [80.0, 90.0], [50.0, 60.0], [60.0, 70.0]]}, "affected_channels_pct": {"RANDOM": [[40.0, 50.0], [20.0, 30.0], [0.0, 10.0]]}}, "stats": {"max_corrupted_channels": {"RANDOM": [32, 1, 13]}, "min_channel_skip": 1, "max_channel_skip": 1}, "conditional_frequency": 0.004639672210171125, "overall_frequency": 0.004597838418821281, "count": 616}]}, "single_channel_random": {"count": 104, "frequency": 1.7991496881431597e-05, "categories_count": 1, "domain_classes": [{"random": [100.0, 100.0], "count": 104, "values": {"in_range": 0.9999579443182774, "flip": 4.205568172260072e-05}, "frequency": 1.0}], "parameters": [{"keys": {"channel_corruption_pct": {"RANDOM": [[20.0, 30.0], [0.0, 10.0], [10.0, 20.0], [40.0, 50.0], [30.0, 40.0]]}}, "stats": {"max_cardinality": {"RANDOM": [198, 307, 407, 506, 94]}, "min_value_skip": 1, "max_value_skip": {"RANDOM": [32, 38, 92, 123, 348]}}, "conditional_frequency": 1.0, "overall_frequency": 0.0007762584343464501, "count": 104}]}, "bullet_wake": {"count": 550, "frequency": 0.0036895859136196, "categories_count": 1, "domain_classes": [{"random": [100.0, 100.0], "count": 550, "values": {"out_of_range": 0.14319464496653103, "in_range": 0.7560047250295314, "zero": 0.10080063000393752}, "frequency": 1.0}], "parameters": [{"keys": {"affected_channels_pct": {"RANDOM": [[20.0, 30.0], [0.0, 10.0], [10.0, 20.0], [40.0, 50.0], [30.0, 40.0]]}}, "stats": {"max_corrupted_channels": {"RANDOM": [32, 6, 12, 19, 25]}, "min_channel_skip": 1, "max_channel_skip": {"RANDOM": [4, 6, 12, 13, 22]}}, "conditional_frequency": 1.0, "overall_frequency": 0.004105212873947573, "count": 550}]}, "shattered_channel": {"count": 171, "frequency": 4.916987034229967e-08, "categories_count": 1, "domain_classes": [{"random": [100.0, 100.0], "count": 171, "values": {"in_range": 0.941191901210851, "zero": 0.042687781081074024, "out_of_range": 0.016120317708075038}, "frequency": 1.0}], "parameters": [{"keys": {"avg_span_corruption_pct": {"RANDOM": [[20.0, 30.0], [0.0, 10.0], [90.0, 100.0], [10.0, 20.0], [40.0, 50.0], [30.0, 40.0]]}, "affected_channels_pct": [40.0, 50.0]}, "stats": {"max_corrupted_channels": 32, "min_channel_skip": 1, "max_channel_skip": 1, "min_span_width": {"RANDOM": [1024, 2]}, "max_span_width": {"RANDOM": [1024, 506]}}, "conditional_frequency": 1.0, "overall_frequency": 0.0012763480026273361, "count": 171}]}, "multi_channel_block": {"count": 35, "frequency": 1.935572810898942e-08, "categories_count": 1, "domain_classes": [{"random": [100.0, 100.0], "count": 35, "values": {"in_range": 0.9481495884373582, "out_of_range": 0.05185041156264178}, "frequency": 1.0}], "parameters": [{"keys": {"block_size": {"RANDOM": [32, 16, 64]}, "avg_block_corruption_pct": {"RANDOM": [[70.0, 80.0], [90.0, 100.0], [80.0, 90.0], [50.0, 60.0], [60.0, 70.0]]}, "affected_channels_pct": [40.0, 50.0]}, "stats": {"max_corrupted_channels": 32, "min_channel_skip": 1, "max_channel_skip": 1}, "conditional_frequency": 1.0, "overall_frequency": 0.0002612408192512092, "count": 35}]}}