{"_rejected_tensors_proportion": 0.0002239307307606575, "_rejected_tensor_count": 13397, "_tensor_count": 13394, "_categories_count": 5, "single": {"count": 48, "frequency": 0.0024219406271633, "categories_count": 1, "domain_classes": [{"random": [100.0, 100.0], "count": 48, "values": {"in_range": 0.9583333333333334, "out_of_range": 0.041666666666666664}, "frequency": 1.0}], "parameters": [{"keys": {}, "stats": {}, "conditional_frequency": 1.0, "overall_frequency": 0.003583694191428998, "count": 48}]}, "bullet_wake": {"count": 73, "frequency": 0.0054815613679229, "categories_count": 1, "domain_classes": [{"random": [100.0, 100.0], "count": 73, "values": {"in_range": 0.47544022242817424, "out_of_range": 0.2882298424467099, "zero": 0.23632993512511585}, "frequency": 1.0}], "parameters": [{"keys": {"affected_channels_pct": {"RANDOM": [[0.0, 10.0], [10.0, 20.0]]}}, "stats": {"max_corrupted_channels": {"RANDOM": [16, 12]}, "min_channel_skip": 1, "max_channel_skip": {"RANDOM": [3, 7]}}, "conditional_frequency": 1.0, "overall_frequency": 0.005450201582798268, "count": 73}]}, "single_channel_random": {"count": 5, "frequency": 1.2199550402653684e-06, "categories_count": 1, "domain_classes": [{"random": [100.0, 100.0], "count": 5, "values": {"in_range": 0.9984615384615385, "flip": 0.0015384615384615385}, "frequency": 1.0}], "parameters": [{"keys": {"channel_corruption_pct": {"RANDOM": [[20.0, 30.0], [0.0, 10.0]]}}, "stats": {"max_cardinality": {"RANDOM": [275, 68]}, "min_value_skip": 1, "max_value_skip": {"RANDOM": [32, 60]}}, "conditional_frequency": 1.0, "overall_frequency": 0.000373301478273854, "count": 5}]}, "full_channels": {"count": 13261, "frequency": 0.99209511867861, "categories_count": 2, "domain_classes": [{"random": [100.0, 100.0], "count": 13261, "values": {"in_range": 0.9987151617741807, "flip": 0.00018624835516447812, "zero": 0.0006693697845296339, "out_of_range": 0.00042922008612510814}, "frequency": 1.0}], "parameters": [{"keys": {"avg_channel_corruption_pct": [90.0, 100.0], "affected_channels_pct": [90.0, 100.0]}, "stats": {"max_corrupted_channels": 128, "min_channel_skip": 1, "max_channel_skip": 1}, "conditional_frequency": 0.9967574089435186, "overall_frequency": 0.9868597879647604, "count": 13218}, {"keys": {"avg_channel_corruption_pct": {"RANDOM": [[70.0, 80.0], [90.0, 100.0], [80.0, 90.0], [50.0, 60.0], [60.0, 70.0]]}, "affected_channels_pct": {"RANDOM": [[0.0, 10.0], [10.0, 20.0]]}}, "stats": {"max_corrupted_channels": {"RANDOM": [16, 1]}, "min_channel_skip": 1, "max_channel_skip": 1}, "conditional_frequency": 0.0032425910564814115, "overall_frequency": 0.003210392713155144, "count": 43}]}, "shattered_channel": {"count": 7, "frequency": 6.851568259605964e-08, "categories_count": 1, "domain_classes": [{"random": [100.0, 100.0], "count": 7, "values": {"in_range": 0.9206532033069698, "flip": 0.00033274463129335277, "out_of_range": 0.07901405206173692}, "frequency": 1.0}], "parameters": [{"keys": {"avg_span_corruption_pct": [90.0, 100.0], "affected_channels_pct": [10.0, 20.0]}, "stats": {"max_corrupted_channels": 16, "min_channel_skip": 1, "max_channel_skip": 1, "min_span_width": 179, "max_span_width": 514}, "conditional_frequency": 1.0, "overall_frequency": 0.0005226220695833955, "count": 7}]}}