{"_rejected_tensors_proportion": 0.00015959144589849927, "_rejected_tensor_count": 12532, "_tensor_count": 12530, "_categories_count": 7, "single": {"count": 2326, "frequency": 0.5175300796328922, "categories_count": 1, "domain_classes": [{"in_range": [100.0, 100.0], "count": 1995, "frequency": 0.8576956147893379}, {"out_of_range": [100.0, 100.0], "count": 331, "frequency": 0.14230438521066208}], "parameters": [{"keys": {}, "stats": {}, "conditional_frequency": 1.0, "overall_frequency": 0.18563447725458898, "count": 2326}]}, "bullet_wake": {"count": 809, "frequency": 3.652281179583968e-05, "categories_count": 1, "domain_classes": [{"in_range": [100.0, 100.0], "count": 726, "frequency": 0.8974042027194067}, {"random": [100.0, 100.0], "count": 83, "values": {"out_of_range": 0.05059852279480431, "in_range": 0.9488920961032346, "flip": 0.0002546905509805586, "zero": 0.0002546905509805586}, "frequency": 0.10259579728059333}], "parameters": [{"keys": {"affected_channels_pct": [0.0, 10.0]}, "stats": {"max_corrupted_channels": 16, "min_channel_skip": 1, "max_channel_skip": 6}, "conditional_frequency": 1.0, "overall_frequency": 0.06456504389465283, "count": 809}]}, "same_row": {"count": 62, "frequency": 0.0003417657630426, "categories_count": 1, "domain_classes": [{"random": [100.0, 100.0], "count": 62, "values": {"in_range": 1.0}, "frequency": 1.0}], "parameters": [{"keys": {"row_corruption_pct": {"RANDOM": [[70.0, 80.0], [90.0, 100.0], [50.0, 60.0], [60.0, 70.0], [40.0, 50.0]]}}, "stats": {"max_cardinality": {"RANDOM": [8, 3, 4]}, "min_value_skip": 1, "max_value_skip": {"RANDOM": [2, 3, 4, 5]}}, "conditional_frequency": 1.0, "overall_frequency": 0.004948124501197127, "count": 62}]}, "skip_4": {"count": 206, "frequency": 0.01644054269752594, "categories_count": 1, "domain_classes": [{"in_range": [100.0, 100.0], "count": 204, "frequency": 0.9902912621359223}, {"random": [100.0, 100.0], "count": 2, "values": {"in_range": 0.9998898071625344, "zero": 5.509641873278237e-05, "flip": 5.509641873278237e-05}, "frequency": 0.009708737864077669}], "parameters": [{"keys": {"skip_amount": 4, "unique_channel_indexes": {"RANDOM": [2, 3, 4, 5, 6, 7, 8]}, "indexes_corruption_pct": [90.0, 100.0], "affected_channels_pct": [0.0, 10.0]}, "stats": {"max_corrupted_channels": 16, "min_channel_skip": 1, "max_channel_skip": {"RANDOM": [1, 2, 3]}}, "conditional_frequency": 1.0, "overall_frequency": 0.01644054269752594, "count": 206}]}, "single_block": {"count": 415, "frequency": 0.004253275905432, "categories_count": 1, "domain_classes": [{"in_range": [100.0, 100.0], "count": 368, "frequency": 0.8867469879518072}, {"random": [100.0, 100.0], "count": 47, "values": {"in_range": 0.8880699862184672, "flip": 0.0002396788303673078, "zero": 0.0001198394151836539, "out_of_range": 0.11157049553598178}, "frequency": 0.11325301204819277}], "parameters": [{"keys": {"block_size": {"RANDOM": [64, 16, 32]}, "block_corruption_pct": {"RANDOM": [[70.0, 80.0], [90.0, 100.0], [80.0, 90.0], [50.0, 60.0], [60.0, 70.0]]}}, "stats": {}, "conditional_frequency": 1.0, "overall_frequency": 0.03312051077414206, "count": 415}]}, "single_channel_random": {"count": 605, "frequency": 0.0130967257701053, "categories_count": 3, "domain_classes": [{"in_range": [100.0, 100.0], "count": 570, "frequency": 0.9421487603305785}, {"random": [100.0, 100.0], "count": 35, "values": {"in_range": 0.9322997416020672, "zero": 0.000310077519379845, "flip": 0.000310077519379845, "out_of_range": 0.06708010335917312}, "frequency": 0.05785123966942149}], "parameters": [{"keys": {"channel_corruption_pct": [10.0, 20.0]}, "stats": {"max_cardinality": 12, "min_value_skip": 1, "max_value_skip": 37}, "conditional_frequency": 0.2727272727272727, "overall_frequency": 0.013168395849960097, "count": 165}, {"keys": {"channel_corruption_pct": [20.0, 30.0]}, "stats": {"max_cardinality": 19, "min_value_skip": 1, "max_value_skip": 36}, "conditional_frequency": 0.228099173553719, "overall_frequency": 0.011013567438148443, "count": 138}, {"keys": {"channel_corruption_pct": {"RANDOM": [[40.0, 50.0], [0.0, 10.0], [30.0, 40.0]]}}, "stats": {"max_cardinality": {"RANDOM": [32, 25, 6]}, "min_value_skip": 1, "max_value_skip": {"RANDOM": [32, 53, 30]}}, "conditional_frequency": 0.4991735537190083, "overall_frequency": 0.024102154828411812, "count": 302}]}, "rectangles": {"count": 443, "frequency": 0.0815591569277287, "categories_count": 1, "domain_classes": [{"in_range": [100.0, 100.0], "count": 412, "frequency": 0.9258426966292135}, {"random": [100.0, 100.0], "count": 33, "values": {"in_range": 0.9627378096790141, "out_of_range": 0.036914287806932414, "zero": 5.4931975903173234e-05, "flip": 0.00029297053815025725}, "frequency": 0.07415730337078652}], "parameters": [{"keys": {"rectangle_width": 2, "rectangle_height": 2, "affected_channels_pct": [0.0, 10.0]}, "stats": {"max_corrupted_channels": 16, "min_channel_skip": 1, "max_channel_skip": 2}, "conditional_frequency": 1.0, "overall_frequency": 0.03535514764565044, "count": 443}]}, "multi_channel_block": {"count": 5926, "frequency": 0.3131683820759408, "categories_count": 6, "domain_classes": [{"in_range": [100.0, 100.0], "count": 3958, "frequency": 0.66790415119811}, {"in_range": [87.5, 100.0], "flip": [0.0, 100], "count": 913, "frequency": 0.15406682416469794}, {"in_range": [87.5, 100.0], "zero": [0.0, 100], "count": 580, "frequency": 0.09787377657779278}, {"out_of_range": [100.0, 100.0], "count": 246, "frequency": 0.041511981100236246}, {"random": [100.0, 100.0], "count": 229, "values": {"in_range": 0.8613181765321549, "zero": 0.0953831840911734, "flip": 0.00020983972144503806, "out_of_range": 0.04308879965522667}, "frequency": 0.03864326695916301}], "parameters": [{"keys": {"block_size": 64, "avg_block_corruption_pct": [90.0, 100.0], "affected_channels_pct": [0.0, 10.0]}, "stats": {"max_corrupted_channels": 16, "min_channel_skip": 1, "max_channel_skip": 2}, "conditional_frequency": 0.6621667229159636, "overall_frequency": 0.3131683958499601, "count": 3924}, {"keys": {"block_size": 64, "avg_block_corruption_pct": [80.0, 90.0], "affected_channels_pct": [0.0, 10.0]}, "stats": {"max_corrupted_channels": 16, "min_channel_skip": 1, "max_channel_skip": 2}, "conditional_frequency": 0.11744853189335133, "overall_frequency": 0.055546687948922584, "count": 696}, {"keys": {"block_size": 64, "avg_block_corruption_pct": [70.0, 80.0], "affected_channels_pct": [0.0, 10.0]}, "stats": {"max_corrupted_channels": 16, "min_channel_skip": 1, "max_channel_skip": 2}, "conditional_frequency": 0.04775565305433682, "overall_frequency": 0.022585794094173984, "count": 283}, {"keys": {"block_size": 64, "avg_block_corruption_pct": [60.0, 70.0], "affected_channels_pct": [0.0, 10.0]}, "stats": {"max_corrupted_channels": 16, "min_channel_skip": 1, "max_channel_skip": 2}, "conditional_frequency": 0.04454944313196085, "overall_frequency": 0.021069433359936152, "count": 264}, {"keys": {"block_size": 64, "avg_block_corruption_pct": [50.0, 60.0], "affected_channels_pct": [0.0, 10.0]}, "stats": {"max_corrupted_channels": 16, "min_channel_skip": 1, "max_channel_skip": 2}, "conditional_frequency": 0.037968275396557546, "overall_frequency": 0.017956903431763767, "count": 225}, {"keys": {"block_size": {"RANDOM": [32, 16, 64]}, "avg_block_corruption_pct": {"RANDOM": [[70.0, 80.0], [90.0, 100.0], [80.0, 90.0], [50.0, 60.0], [60.0, 70.0], [40.0, 50.0]]}, "affected_channels_pct": {"RANDOM": [[0.0, 10.0], [90.0, 100.0]]}}, "stats": {"max_corrupted_channels": {"RANDOM": [16, 256]}, "min_channel_skip": 1, "max_channel_skip": {"RANDOM": [1, 2]}}, "conditional_frequency": 0.0901113736078299, "overall_frequency": 0.04261771747805267, "count": 534}]}, "shattered_channel": {"count": 1540, "frequency": 0.0244753023315731, "categories_count": 5, "domain_classes": [{"in_range": [100.0, 100.0], "count": 1444, "frequency": 0.9376623376623376}, {"random": [100.0, 100.0], "count": 96, "values": {"in_range": 0.9940626426311622, "zero": 9.752558095988577e-05,