{"_rejected_tensors_proportion": 7.445461990918112e-05, "_rejected_tensor_count": 13431, "_tensor_count": 13430, "_categories_count": 5, "single_channel_random": {"count": 23, "frequency": 6.541784942675895e-05, "categories_count": 1, "domain_classes": [{"random": [100.0, 100.0], "count": 23, "values": {"nan": 0.0, "zero": 0.0, "flip": 0.001184451383654571, "in_range": 0.9988155486163455, "out_of_range": 0.0}, "frequency": 1.0}], "parameters": [{"keys": {"channel_corruption_pct": {"RANDOM": [[20.0, 30.0], [0.0, 10.0], [70.0, 80.0], [90.0, 100.0], [10.0, 20.0], [50.0, 60.0], [60.0, 70.0], [40.0, 50.0], [30.0, 40.0]]}}, "stats": {"max_cardinality": {"RANDOM": [1024, 99, 518, 200, 713, 749, 278, 314, 509]}, "min_value_skip": 1, "max_value_skip": {"RANDOM": [1, 8, 12, 13, 14, 23, 25]}}, "conditional_frequency": 1.0, "overall_frequency": 0.001712583767684289, "count": 23}]}, "single": {"count": 38, "frequency": 0.0030291818460793, "categories_count": 1, "domain_classes": [{"random": [100.0, 100.0], "count": 38, "values": {"nan": 0.0, "zero": 0.0, "flip": 0.0, "in_range": 1.0, "out_of_range": 0.0}, "frequency": 1.0}], "parameters": [{"keys": {}, "stats": {}, "conditional_frequency": 1.0, "overall_frequency": 0.002829486224869695, "count": 38}]}, "bullet_wake": {"count": 56, "frequency": 0.0041088471040066, "categories_count": 1, "domain_classes": [{"random": [100.0, 100.0], "count": 56, "values": {"nan": 0.0, "zero": 0.03571428571428571, "flip": 0.0011160714285714285, "in_range": 0.9631696428571429, "out_of_range": 0.0}, "frequency": 1.0}], "parameters": [{"keys": {"affected_channels_pct": [20.0, 30.0]}, "stats": {"max_corrupted_channels": 32, "min_channel_skip": 1, "max_channel_skip": 1}, "conditional_frequency": 1.0, "overall_frequency": 0.004169769173492182, "count": 56}]}, "full_channels": {"count": 13234, "frequency": 0.9927950779261122, "categories_count": 1, "domain_classes": [{"in_range": [100.0, 100.0], "count": 11644, "frequency": 0.87985491914765}, {"in_range": [87.5, 100], "flip": [0.0, 12.5], "count": 1446, "frequency": 0.10926401692609944}, {"random": [100.0, 100.0], "count": 144, "values": {"nan": 0.0, "zero": 0.0004824470749466337, "flip": 8.411127868440192e-07, "in_range": 0.9995167118122665, "out_of_range": 0.0}, "frequency": 0.010881063926250567}], "parameters": [{"keys": {"avg_channel_corruption_pct": [90.0, 100.0], "affected_channels_pct": [90.0, 100.0]}, "stats": {"max_corrupted_channels": 128, "min_channel_skip": 1, "max_channel_skip": 1}, "conditional_frequency": 1.0, "overall_frequency": 0.9854058078927773, "count": 13234}]}, "shattered_channel": {"count": 74, "frequency": 3.773669188617194e-07, "categories_count": 1, "domain_classes": [{"random": [100.0, 100.0], "count": 74, "values": {"nan": 0.0, "zero": 0.09960629379608908, "flip": 0.0, "in_range": 0.9003937062039109, "out_of_range": 0.0}, "frequency": 1.0}], "parameters": [{"keys": {"avg_span_corruption_pct": {"RANDOM": [[20.0, 30.0], [90.0, 100.0], [30.0, 40.0]]}, "affected_channels_pct": [20.0, 30.0]}, "stats": {"max_corrupted_channels": 32, "min_channel_skip": 1, "max_channel_skip": 1, "min_span_width": {"RANDOM": [1024, 3]}, "max_span_width": 1024}, "conditional_frequency": 1.0, "overall_frequency": 0.005510052122114669, "count": 74}]}, "multi_channel_block": {"count": 5, "frequency": 2.2483700783162377e-08, "categories_count": 1, "domain_classes": [{"random": [100.0, 100.0], "count": 5, "values": {"nan": 0.0, "zero": 0.0, "flip": 0.0, "in_range": 1.0, "out_of_range": 0.0}, "frequency": 1.0}], "parameters": [{"keys": {"block_size": {"RANDOM": [16, 32, 64]}, "avg_block_corruption_pct": {"RANDOM": [[80.0, 90.0], [60.0, 70.0], [50.0, 60.0]]}, "affected_channels_pct": [20.0, 30.0]}, "stats": {"max_corrupted_channels": 32, "min_channel_skip": 1, "max_channel_skip": 1}, "conditional_frequency": 1.0, "overall_frequency": 0.00037230081906180194, "count": 5}]}}