{"_rejected_tensors_proportion": 8.952685059460119e-05, "_rejected_tensor_count": 67019, "_tensor_count": 67013, "_categories_count": 6, "single_channel_random": {"count": 80, "frequency": 3.885266830626201e-06, "categories_count": 1, "domain_classes": [{"random": [100.0, 100.0], "count": 80, "values": {"in_range": 0.9998633755351125, "zero": 4.554148829583751e-05, "flip": 9.108297659167502e-05}, "frequency": 1.0}], "parameters": [{"keys": {"channel_corruption_pct": {"RANDOM": [[20.0, 30.0], [0.0, 10.0], [10.0, 20.0], [40.0, 50.0], [30.0, 40.0]]}}, "stats": {"max_cardinality": {"RANDOM": [199, 302, 407, 509, 94]}, "min_value_skip": 1, "max_value_skip": {"RANDOM": [32, 33]}}, "conditional_frequency": 1.0, "overall_frequency": 0.0011937982182561593, "count": 80}]}, "single": {"count": 265, "frequency": 0.0024355247424339, "categories_count": 1, "domain_classes": [{"random": [100.0, 100.0], "count": 265, "values": {"in_range": 0.969811320754717, "out_of_range": 0.03018867924528302}, "frequency": 1.0}], "parameters": [{"keys": {}, "stats": {}, "conditional_frequency": 1.0, "overall_frequency": 0.003954456597973528, "count": 265}]}, "bullet_wake": {"count": 366, "frequency": 0.0024296890359295, "categories_count": 1, "domain_classes": [{"random": [100.0, 100.0], "count": 366, "values": {"out_of_range": 0.2115837104072398, "in_range": 0.7042533936651584, "flip": 9.049773755656108e-05, "zero": 0.08407239819004525}, "frequency": 1.0}], "parameters": [{"keys": {"affected_channels_pct": {"RANDOM": [[40.0, 50.0], [20.0, 30.0], [30.0, 40.0]]}}, "stats": {"max_corrupted_channels": {"RANDOM": [32, 17, 25]}, "min_channel_skip": 1, "max_channel_skip": {"RANDOM": [2, 3, 6]}}, "conditional_frequency": 1.0, "overall_frequency": 0.005461626848521929, "count": 366}]}, "full_channels": {"count": 66221, "frequency": 0.9951306118038084, "categories_count": 2, "domain_classes": [{"random": [100.0, 100.0], "count": 66221, "values": {"in_range": 0.9976031362319006, "zero": 0.000492327406236105, "flip": 9.291966704487539e-05, "out_of_range": 0.0018116166948184472}, "frequency": 1.0}], "parameters": [{"keys": {"avg_channel_corruption_pct": [90.0, 100.0], "affected_channels_pct": [90.0, 100.0]}, "stats": {"max_corrupted_channels": 64, "min_channel_skip": 1, "max_channel_skip": 1}, "conditional_frequency": 0.9958321378414702, "overall_frequency": 0.9840627937862803, "count": 65945}, {"keys": {"avg_channel_corruption_pct": {"RANDOM": [[70.0, 80.0], [90.0, 100.0], [80.0, 90.0], [50.0, 60.0], [60.0, 70.0]]}, "affected_channels_pct": {"RANDOM": [[40.0, 50.0], [0.0, 10.0]]}}, "stats": {"max_corrupted_channels": {"RANDOM": [32, 1, 4]}, "min_channel_skip": 1, "max_channel_skip": 1}, "conditional_frequency": 0.004167862158529771, "overall_frequency": 0.00411860385298375, "count": 276}]}, "shattered_channel": {"count": 70, "frequency": 3.283347742400618e-08, "categories_count": 1, "domain_classes": [{"random": [100.0, 100.0], "count": 70, "values": {"in_range": 0.961876924700126, "zero": 0.020707630220182398, "flip": 0.0001137510138677323, "out_of_range": 0.01730169406582392}, "frequency": 1.0}], "parameters": [{"keys": {"avg_span_corruption_pct": {"RANDOM": [[0.0, 10.0], [40.0, 50.0], [90.0, 100.0], [10.0, 20.0]]}, "affected_channels_pct": [40.0, 50.0]}, "stats": {"max_corrupted_channels": 32, "min_channel_skip": 1, "max_channel_skip": 1, "min_span_width": {"RANDOM": [1024, 5]}, "max_span_width": {"RANDOM": [1024, 503]}}, "conditional_frequency": 1.0, "overall_frequency": 0.0010445734409741394, "count": 70}]}, "multi_channel_block": {"count": 11, "frequency": 1.0168337682387716e-08, "categories_count": 1, "domain_classes": [{"random": [100.0, 100.0], "count": 11, "values": {"in_range": 0.8594478307637146, "zero": 0.1405521692362854}, "frequency": 1.0}], "parameters": [{"keys": {"block_size": {"RANDOM": [32, 64]}, "avg_block_corruption_pct": {"RANDOM": [[70.0, 80.0], [90.0, 100.0], [80.0, 90.0], [50.0, 60.0], [60.0, 70.0]]}, "affected_channels_pct": [40.0, 50.0]}, "stats": {"max_corrupted_channels": 32, "min_channel_skip": 1, "max_channel_skip": 1}, "conditional_frequency": 1.0, "overall_frequency": 0.0001641472550102219, "count": 11}]}}