{"_rejected_tensors_proportion": 0.0001528896136988589, "_rejected_tensor_count": 19622, "_tensor_count": 19619, "_categories_count": 6, "same_row": {"count": 219, "frequency": 2.5125609217551484e-06, "categories_count": 2, "domain_classes": [{"in_range": [100.0, 100.0], "count": 219, "frequency": 1.0}], "parameters": [{"keys": {"row_corruption_pct": [90.0, 100.0]}, "stats": {"max_cardinality": 8, "min_value_skip": 1, "max_value_skip": 2}, "conditional_frequency": 0.9726027397260274, "overall_frequency": 0.0108568224680157, "count": 213}, {"keys": {"row_corruption_pct": {"RANDOM": [[80.0, 90.0], [60.0, 70.0], [70.0, 80.0]]}}, "stats": {"max_cardinality": {"RANDOM": [2, 5]}, "min_value_skip": {"RANDOM": [1, 3]}, "max_value_skip": 3}, "conditional_frequency": 0.0273972602739726, "overall_frequency": 0.0003058259850145267, "count": 6}]}, "single_channel_random": {"count": 457, "frequency": 0.0009939163102895, "categories_count": 1, "domain_classes": [{"in_range": [100.0, 100.0], "count": 457, "frequency": 1.0}], "parameters": [{"keys": {"channel_corruption_pct": {"RANDOM": [[20.0, 30.0], [0.0, 10.0], [10.0, 20.0], [40.0, 50.0], [30.0, 40.0]]}}, "stats": {"max_cardinality": {"RANDOM": [32, 6, 12, 19, 25]}, "min_value_skip": 1, "max_value_skip": {"RANDOM": [33, 10, 48, 21, 24]}}, "conditional_frequency": 1.0, "overall_frequency": 0.023293745858606454, "count": 457}]}, "bullet_wake": {"count": 4033, "frequency": 0.1464555100589102, "categories_count": 1, "domain_classes": [{"in_range": [100.0, 100.0], "count": 3789, "frequency": 0.9394991321596826}, {"random": [100.0, 100.0], "count": 244, "values": {"out_of_range": 0.04191967982335081, "in_range": 0.9580803201766492}, "frequency": 0.060500867840317385}], "parameters": [{"keys": {"affected_channels_pct": [0.0, 10.0]}, "stats": {"max_corrupted_channels": 8, "min_channel_skip": 1, "max_channel_skip": 7}, "conditional_frequency": 1.0, "overall_frequency": 0.20556603292726439, "count": 4033}]}, "single": {"count": 2925, "frequency": 0.3322309369943, "categories_count": 1, "domain_classes": [{"in_range": [100.0, 100.0], "count": 2814, "frequency": 0.9620512820512821}, {"random": [100.0, 100.0], "count": 111, "values": {"in_range": 0.9620512820512821, "out_of_range": 0.03794871794871795}, "frequency": 0.03794871794871795}], "parameters": [{"keys": {}, "stats": {}, "conditional_frequency": 1.0, "overall_frequency": 0.14909016769458178, "count": 2925}]}, "single_block": {"count": 2220, "frequency": 0.0069353442093726, "categories_count": 6, "domain_classes": [{"in_range": [100.0, 100.0], "count": 2205, "frequency": 0.9932432432432432}, {"random": [100.0, 100.0], "count": 15, "values": {"in_range": 0.9913780626486095, "out_of_range": 0.008611599297012303, "flip": 1.0338054378166029e-05}, "frequency": 0.006756756756756757}], "parameters": [{"keys": {"block_size": 64, "block_corruption_pct": [90.0, 100.0]}, "stats": {}, "conditional_frequency": 0.3036036036036036, "overall_frequency": 0.03435445231663184, "count": 674}, {"keys": {"block_size": 64, "block_corruption_pct": [70.0, 80.0]}, "stats": {}, "conditional_frequency": 0.11846846846846847, "overall_frequency": 0.013405372343136756, "count": 263}, {"keys": {"block_size": 64, "block_corruption_pct": [50.0, 60.0]}, "stats": {}, "conditional_frequency": 0.10135135135135136, "overall_frequency": 0.011468474438044753, "count": 225}, {"keys": {"block_size": 64, "block_corruption_pct": [80.0, 90.0]}, "stats": {}, "conditional_frequency": 0.09774774774774775, "overall_frequency": 0.011060706458025383, "count": 217}, {"keys": {"block_size": 64, "block_corruption_pct": [60.0, 70.0]}, "stats": {}, "conditional_frequency": 0.09504504504504505, "overall_frequency": 0.010754880473010858, "count": 211}, {"keys": {"block_size": {"RANDOM": [32, 16]}, "block_corruption_pct": {"RANDOM": [[70.0, 80.0], [90.0, 100.0], [80.0, 90.0], [50.0, 60.0], [60.0, 70.0]]}}, "stats": {}, "conditional_frequency": 0.28378378378378377, "overall_frequency": 0.03211172842652531, "count": 630}]}, "skip_4": {"count": 24, "frequency": 0.001223303940058107, "categories_count": 1, "domain_classes": [{"random": [100.0, 100.0], "count": 24, "values": {"in_range": 1.0}, "frequency": 1.0}], "parameters": [{"keys": {"skip_amount": 4, "unique_channel_indexes": {"RANDOM": [2, 3]}, "indexes_corruption_pct": [90.0, 100.0], "affected_channels_pct": [0.0, 10.0]}, "stats": {"max_corrupted_channels": 1, "min_channel_skip": 1, "max_channel_skip": 1}, "conditional_frequency": 1.0, "overall_frequency": 0.001223303940058107, "count": 24}]}, "multi_channel_block": {"count": 8509, "frequency": 0.5133775793558366, "categories_count": 7, "domain_classes": [{"in_range": [100.0, 100.0], "count": 7256, "frequency": 0.8527441532495005}, {"out_of_range": [100.0, 100.0], "count": 801, "frequency": 0.09413562110706311}, {"random": [100.0, 100.0], "count": 452, "values": {"in_range": 0.7947746569570047, "zero": 0.10716963650403455, "flip": 2.485323543146832e-07, "out_of_range": 0.09805545800660649}, "frequency": 0.05312022564343636}], "parameters": [{"keys": {"block_size": 64, "avg_block_corruption_pct": [90.0, 100.0], "affected_channels_pct": [0.0, 10.0]}, "stats": {"max_corrupted_channels": 8, "min_channel_skip": 1, "max_channel_skip": 1}, "conditional_frequency": 0.6453167234692678, "overall_frequency": 0.2798817472857944, "count": 5491}, {"keys": {"block_size": 64, "avg_block_corruption_pct": [80.0, 90.0], "affected_channels_pct": [0.0, 10.0]}, "stats": {"max_corrupted_channels": 8, "min_channel_skip": 1, "max_channel_skip": 1}, "conditional_frequency": 0.07462686567164178, "overall_frequency": 0.03236658341403741, "count": 635}, {"keys": {"block_size": 64, "avg_block_corruption_pct": [70.0, 80.0], "affected_channels_pct": [0.0, 10.0]}, "stats": {"max_corrupted_channels": 8, "min_channel_skip": 1, "max_channel_skip": 1}, "conditional_frequency": 0.059113879421788695, "overall_frequency": 0.025638411743717823, "count": 503}, {"keys": {"block_size": 64, "avg_block_corruption_pct": [60.0, 70.0], "affected_channels_pct": [0.0, 10.0]}, "stats": {"max_corrupted_channels": 8, "min_channel_skip": 1, "max_channel_skip": 1}, "conditional_frequency": 0.04806675284992361, "overall_frequency": 0.02084713797849024, "count": 409}, {"keys": {"block_size": 64, "avg_block_corruption_pct": [50.0, 60.0], "affected_channels_pct": [0.0, 10.0]}, "stats": {"max_corrupted_channels": 8, "min_channel_skip": 1, "max_channel_skip": 1}, "conditional_frequency": 0.04407098366435539, "overall_frequency": 0.01911412406340792, "count": 375}, {"keys": {"block_size": 32, "avg_block_corruption_pct": [90.0, 100.0], "affected_channels_pct": [0.0, 10.0]}, "stats": {"max_corrupted_channels": 8, "min_channel_skip": 1, "max_channel_skip": 1}, "conditional_frequency": 0.023974615113409332, "overall_frequency": 0.010398083490493908, "count": 204}, {"keys": {"block_size": {"RANDOM": [32, 16, 64]}, "avg_block_corruption_pct": {"RANDOM": [[70.0, 80.0], [90.0, 100.0], [80.0, 90.0], [50.0, 60.0], [60.0, 70.0], [40.0, 50.0]]}, "affected_channels_pct": {"RANDOM": [[0.0, 10.0], [90.0, 100.0]]}}, "stats": {"max_corrupted_channels": {"RANDOM": [8, 144]}, "min_channel_skip": 1, "max_channel_skip": 1}, "conditional_frequency": 0.10483017980961334, "overall_frequency": 0.04546612977215964, "count": 892}]}, "shattered_channel": {"count": 1232, "frequency": 3.825087781132482e-06, "categories_count": 2, "domain_classes": [{"in_range": [100.0, 100.0], "count": 1204, "frequency": 0.9772727272727273}, {"random": [100.0, 100.0], "count": 28, "values": {"in_range": 0.9894477049244044, "zero": 0.003478565043336313, "out_of_range": 0.007073730032259318}, "frequency": 0.022727272727272728}], "parameters": [{"keys": {"avg_span_corruption_pct": [90.0, 100.0], "affected_channels_pct": [0.0, 10.0]}, "stats": {"max_corrupted_channels": 8, "min_channel_skip": 1, "max_channel_skip": 1, "min_span_width": 2, "max_span_width": 10}, "conditional_frequency": 0.5957792207792207,