{"_rejected_tensors_proportion": 0.0007417174880500754, "_rejected_tensor_count": 12134, "_tensor_count": 12125, "_categories_count": 7, "full_channels": {"count": 11876, "frequency": 0.9978820548213924, "categories_count": 2, "domain_classes": [{"in_range": [100.0, 100.0], "count": 10476, "frequency": 0.8821151902997643}, {"in_range": [87.5, 100.0], "flip": [0.0, 100], "count": 1272, "frequency": 0.10710676995621421}, {"random": [100.0, 100.0], "count": 128, "values": {"in_range": 0.9997686523159885, "flip": 8.716141239858219e-07, "out_of_range": 0.00023047606988746473}, "frequency": 0.010778039744021556}], "parameters": [{"keys": {"avg_channel_corruption_pct": [90.0, 100.0], "affected_channels_pct": [90.0, 100.0]}, "stats": {"max_corrupted_channels": 512, "min_channel_skip": 1, "max_channel_skip": 1}, "conditional_frequency": 0.9854328056584709, "overall_frequency": 0.9651958762886598, "count": 11703}, {"keys": {"avg_channel_corruption_pct": {"RANDOM": [[80.0, 90.0], [60.0, 70.0], [90.0, 100.0], [70.0, 80.0]]}, "affected_channels_pct": [0.0, 10.0]}, "stats": {"max_corrupted_channels": 16, "min_channel_skip": 1, "max_channel_skip": 1}, "conditional_frequency": 0.014567194341529135, "overall_frequency": 0.014268041237113402, "count": 173}]}, "shattered_channel": {"count": 95, "frequency": 1.239239014694161e-06, "categories_count": 1, "domain_classes": [{"random": [100.0, 100.0], "count": 95, "values": {"in_range": 0.9816754092344295, "out_of_range": 0.018324590765570525}, "frequency": 1.0}], "parameters": [{"keys": {"avg_span_corruption_pct": {"RANDOM": [[20.0, 30.0], [0.0, 10.0], [70.0, 80.0], [90.0, 100.0], [10.0, 20.0], [80.0, 90.0], [50.0, 60.0], [60.0, 70.0], [40.0, 50.0], [30.0, 40.0]]}, "affected_channels_pct": [0.0, 10.0]}, "stats": {"max_corrupted_channels": 16, "min_channel_skip": 1, "max_channel_skip": 1, "min_span_width": {"RANDOM": [35, 67, 9, 74, 170, 108, 207, 208, 146, 254]}, "max_span_width": {"RANDOM": [256, 67, 207, 242, 150, 254, 223]}}, "conditional_frequency": 1.0, "overall_frequency": 0.007835051546391752, "count": 95}]}, "quasi_shattered_channel": {"count": 40, "frequency": 0.0017484873823582, "categories_count": 1, "domain_classes": [{"random": [100.0, 100.0], "count": 40, "values": {"in_range": 1.0}, "frequency": 1.0}], "parameters": [{"keys": {"avg_span_corruption_pct": {"RANDOM": [[20.0, 30.0], [0.0, 10.0], [70.0, 80.0], [10.0, 20.0], [80.0, 90.0], [50.0, 60.0], [60.0, 70.0], [40.0, 50.0], [30.0, 40.0]]}, "affected_channels_pct": [0.0, 10.0]}, "stats": {"max_corrupted_channels": {"RANDOM": [16, 15]}, "min_channel_skip": 1, "max_channel_skip": {"RANDOM": [9, 2, 10, 1]}, "min_span_width": {"RANDOM": [1, 2, 170, 22, 23]}, "max_span_width": {"RANDOM": [256, 224, 7, 10, 240, 241, 242, 210, 82]}}, "conditional_frequency": 1.0, "overall_frequency": 0.0032989690721649486, "count": 40}]}, "bullet_wake": {"count": 22, "frequency": 7.651048659025011e-06, "categories_count": 1, "domain_classes": [{"random": [100.0, 100.0], "count": 22, "values": {"in_range": 0.9178082191780822, "out_of_range": 0.0821917808219178}, "frequency": 1.0}], "parameters": [{"keys": {"affected_channels_pct": [0.0, 10.0]}, "stats": {"max_corrupted_channels": 15, "min_channel_skip": 1, "max_channel_skip": 10}, "conditional_frequency": 1.0, "overall_frequency": 0.0018144329896907217, "count": 22}]}, "single": {"count": 45, "frequency": 4.186548063593506e-05, "categories_count": 1, "domain_classes": [{"random": [100.0, 100.0], "count": 45, "values": {"in_range": 0.9555555555555556, "out_of_range": 0.044444444444444446}, "frequency": 1.0}], "parameters": [{"keys": {}, "stats": {}, "conditional_frequency": 1.0, "overall_frequency": 0.003711340206185567, "count": 45}]}, "single_channel_random": {"count": 25, "frequency": 0.0003133381710988, "categories_count": 1, "domain_classes": [{"random": [100.0, 100.0], "count": 25, "values": {"in_range": 1.0}, "frequency": 1.0}], "parameters": [{"keys": {"channel_corruption_pct": {"RANDOM": [[30.0, 40.0], [20.0, 30.0], [0.0, 10.0], [10.0, 20.0]]}}, "stats": {"max_cardinality": {"RANDOM": [50, 91, 69, 23]}, "min_value_skip": 1, "max_value_skip": {"RANDOM": [41, 93, 9, 31]}}, "conditional_frequency": 1.0, "overall_frequency": 0.002061855670103093, "count": 25}]}, "multi_channel_block": {"count": 22, "frequency": 2.2658859157243306e-07, "categories_count": 1, "domain_classes": [{"random": [100.0, 100.0], "count": 22, "values": {"in_range": 1.0}, "frequency": 1.0}], "parameters": [{"keys": {"block_size": {"RANDOM": [32, 16, 64]}, "avg_block_corruption_pct": {"RANDOM": [[80.0, 90.0], [50.0, 60.0], [60.0, 70.0], [40.0, 50.0], [30.0, 40.0]]}, "affected_channels_pct": [0.0, 10.0]}, "stats": {"max_corrupted_channels": {"RANDOM": [16, 15]}, "min_channel_skip": 1, "max_channel_skip": {"RANDOM": [1, 2]}}, "conditional_frequency": 1.0, "overall_frequency": 0.0018144329896907217, "count": 22}]}}