{"_rejected_tensors_proportion": 1.4938974290057416e-05, "_rejected_tensor_count": 66939, "_tensor_count": 66938, "_categories_count": 6, "single_channel_random": {"count": 27, "frequency": 4.709720743953189e-06, "categories_count": 1, "domain_classes": [{"random": [100.0, 100.0], "count": 27, "values": {"in_range": 1.0}, "frequency": 1.0}], "parameters": [{"keys": {"channel_corruption_pct": {"RANDOM": [[20.0, 30.0], [0.0, 10.0], [10.0, 20.0], [40.0, 50.0], [30.0, 40.0]]}}, "stats": {"max_cardinality": {"RANDOM": [297, 202, 76, 468, 404]}, "min_value_skip": 1, "max_value_skip": {"RANDOM": [11, 27, 28, 62]}}, "conditional_frequency": 1.0, "overall_frequency": 0.000403358331590427, "count": 27}]}, "single": {"count": 168, "frequency": 0.0015318640454454, "categories_count": 1, "domain_classes": [{"random": [100.0, 100.0], "count": 168, "values": {"in_range": 1.0}, "frequency": 1.0}], "parameters": [{"keys": {}, "stats": {}, "conditional_frequency": 1.0, "overall_frequency": 0.0025097851743404345, "count": 168}]}, "full_channels": {"count": 66425, "frequency": 0.9921351622662222, "categories_count": 2, "domain_classes": [{"in_range": [100.0, 100.0], "count": 65025, "frequency": 0.9789235980429055}, {"random": [100.0, 100.0], "count": 1400, "values": {"in_range": 0.9976177072823613, "out_of_range": 0.001900969774659072, "zero": 0.0004813211005087407, "flip": 1.842470864105991e-09}, "frequency": 0.021076401957094468}], "parameters": [{"keys": {"avg_channel_corruption_pct": [90.0, 100.0], "affected_channels_pct": [90.0, 100.0]}, "stats": {"max_corrupted_channels": 64, "min_channel_skip": 1, "max_channel_skip": 1}, "conditional_frequency": 0.9970191945803538, "overall_frequency": 0.9893782306014521, "count": 66227}, {"keys": {"avg_channel_corruption_pct": {"RANDOM": [[70.0, 80.0], [90.0, 100.0], [80.0, 90.0], [50.0, 60.0], [60.0, 70.0]]}, "affected_channels_pct": {"RANDOM": [[20.0, 30.0], [0.0, 10.0]]}}, "stats": {"max_corrupted_channels": {"RANDOM": [16, 1]}, "min_channel_skip": 1, "max_channel_skip": 1}, "conditional_frequency": 0.0029808054196462175, "overall_frequency": 0.0029579610983297977, "count": 198}]}, "bullet_wake": {"count": 240, "frequency": 0.0063279422629825, "categories_count": 1, "domain_classes": [{"random": [100.0, 100.0], "count": 240, "values": {"in_range": 0.620253164556962, "zero": 0.23475258918296893, "out_of_range": 0.14499424626006904}, "frequency": 1.0}], "parameters": [{"keys": {"affected_channels_pct": {"RANDOM": [[20.0, 30.0], [0.0, 10.0], [10.0, 20.0]]}}, "stats": {"max_corrupted_channels": {"RANDOM": [16, 12, 6]}, "min_channel_skip": 1, "max_channel_skip": {"RANDOM": [3, 12, 6]}}, "conditional_frequency": 1.0, "overall_frequency": 0.0035854073919149064, "count": 240}]}, "shattered_channel": {"count": 69, "frequency": 6.21753304043437e-08, "categories_count": 1, "domain_classes": [{"random": [100.0, 100.0], "count": 69, "values": {"in_range": 0.9434879544187775, "zero": 0.034761875270948164, "out_of_range": 0.021750170310274354}, "frequency": 1.0}], "parameters": [{"keys": {"avg_span_corruption_pct": {"RANDOM": [[20.0, 30.0], [0.0, 10.0], [90.0, 100.0], [10.0, 20.0], [30.0, 40.0]]}, "affected_channels_pct": [20.0, 30.0]}, "stats": {"max_corrupted_channels": 16, "min_channel_skip": 1, "max_channel_skip": 1, "min_span_width": {"RANDOM": [1024, 82]}, "max_span_width": {"RANDOM": [480, 1024]}}, "conditional_frequency": 1.0, "overall_frequency": 0.0010308046251755357, "count": 69}]}, "multi_channel_block": {"count": 9, "frequency": 1.0953540152589902e-08, "categories_count": 1, "domain_classes": [{"random": [100.0, 100.0], "count": 9, "values": {"in_range": 1.0}, "frequency": 1.0}], "parameters": [{"keys": {"block_size": {"RANDOM": [32, 16, 64]}, "avg_block_corruption_pct": {"RANDOM": [[70.0, 80.0], [90.0, 100.0], [80.0, 90.0], [50.0, 60.0], [60.0, 70.0]]}, "affected_channels_pct": [20.0, 30.0]}, "stats": {"max_corrupted_channels": 16, "min_channel_skip": 1, "max_channel_skip": 1}, "conditional_frequency": 1.0, "overall_frequency": 0.000134452777196809, "count": 9}]}}