{"_rejected_tensors_proportion": 0.0004451038575667976, "_rejected_tensor_count": 13480, "_tensor_count": 13474, "_categories_count": 3, "bullet_wake": {"count": 68, "frequency": 0.0025081148105944, "categories_count": 1, "domain_classes": [{"random": [100.0, 100.0], "count": 68, "values": {"nan": 0.0, "zero": 0.18181818181818182, "flip": 0.0, "in_range": 0.8181818181818182, "out_of_range": 0.0}, "frequency": 1.0}], "parameters": [{"keys": {"affected_channels_pct": {"RANDOM": [[20.0, 30.0], [10.0, 20.0]]}}, "stats": {"max_corrupted_channels": {"RANDOM": [32, 22]}, "min_channel_skip": 1, "max_channel_skip": {"RANDOM": [3, 5]}}, "conditional_frequency": 1.0, "overall_frequency": 0.005046756716639454, "count": 68}]}, "full_channels": {"count": 13312, "frequency": 0.9974815504247236, "categories_count": 1, "domain_classes": [{"in_range": [100.0, 100.0], "count": 11761, "frequency": 0.8834885817307693}, {"in_range": [87.5, 100], "flip": [0.0, 12.5], "count": 1452, "frequency": 0.10907451923076923}, {"random": [100.0, 100.0], "count": 99, "values": {"nan": 0.0, "zero": 0.00048424647404597356, "flip": 8.379037563617413e-07, "in_range": 0.9995149156221976, "out_of_range": 0.0}, "frequency": 0.007436899038461538}], "parameters": [{"keys": {"avg_channel_corruption_pct": [90.0, 100.0], "affected_channels_pct": [90.0, 100.0]}, "stats": {"max_corrupted_channels": 128, "min_channel_skip": 1, "max_channel_skip": 1}, "conditional_frequency": 1.0, "overall_frequency": 0.9879768442927119, "count": 13312}]}, "shattered_channel": {"count": 85, "frequency": 3.063112701284816e-07, "categories_count": 1, "domain_classes": [{"random": [100.0, 100.0], "count": 85, "values": {"nan": 0.0, "zero": 0.021949534697805823, "flip": 0.07047106511126117, "in_range": 0.907579400190933, "out_of_range": 0.0}, "frequency": 1.0}], "parameters": [{"keys": {"avg_span_corruption_pct": {"RANDOM": [[20.0, 30.0], [70.0, 80.0], [90.0, 100.0], [50.0, 60.0], [60.0, 70.0], [40.0, 50.0], [30.0, 40.0]]}, "affected_channels_pct": [20.0, 30.0]}, "stats": {"max_corrupted_channels": 32, "min_channel_skip": 1, "max_channel_skip": 1, "min_span_width": {"RANDOM": [1024, 6]}, "max_span_width": 1024}, "conditional_frequency": 1.0, "overall_frequency": 0.006308445895799317, "count": 85}]}, "single_channel_random": {"count": 9, "frequency": 8.741892079378945e-06, "categories_count": 1, "domain_classes": [{"random": [100.0, 100.0], "count": 9, "values": {"nan": 0.0, "zero": 0.0, "flip": 0.001201510470305527, "in_range": 0.9987984895296945, "out_of_range": 0.0}, "frequency": 1.0}], "parameters": [{"keys": {"channel_corruption_pct": {"RANDOM": [[70.0, 80.0], [90.0, 100.0], [50.0, 60.0], [60.0, 70.0], [40.0, 50.0], [30.0, 40.0]]}}, "stats": {"max_cardinality": {"RANDOM": [1024, 333, 429, 818, 660, 567]}, "min_value_skip": 1, "max_value_skip": {"RANDOM": [1, 2, 3, 10, 17, 19]}}, "conditional_frequency": 1.0, "overall_frequency": 0.0006679530948493394, "count": 9}]}}