{"_rejected_tensors_proportion": 2.991750248693137e-05, "_rejected_tensor_count": 133701, "_tensor_count": 133697, "_categories_count": 6, "full_channels": {"count": 133118, "frequency": 0.998210063276199, "categories_count": 2, "domain_classes": [{"in_range": [100.0, 100.0], "count": 131668, "frequency": 0.9891074084646705}, {"random": [100.0, 100.0], "count": 1450, "values": {"in_range": 0.9996353794190473, "zero": 0.0001967169095851108, "out_of_range": 3.344603067231802e-08, "flip": 0.00016787022533689642}, "frequency": 0.010892591535329557}], "parameters": [{"keys": {"avg_channel_corruption_pct": [90.0, 100.0], "affected_channels_pct": [90.0, 100.0]}, "stats": {"max_corrupted_channels": 64, "min_channel_skip": 1, "max_channel_skip": 1}, "conditional_frequency": 0.9959209122733215, "overall_frequency": 0.9916078894814394, "count": 132575}, {"keys": {"avg_channel_corruption_pct": {"RANDOM": [[70.0, 80.0], [90.0, 100.0], [80.0, 90.0], [50.0, 60.0], [60.0, 70.0]]}, "affected_channels_pct": {"RANDOM": [[40.0, 50.0], [0.0, 10.0]]}}, "stats": {"max_corrupted_channels": {"RANDOM": [32, 1]}, "min_channel_skip": 1, "max_channel_skip": 1}, "conditional_frequency": 0.004079087726678586, "overall_frequency": 0.004061422470212495, "count": 543}]}, "bullet_wake": {"count": 305, "frequency": 0.0016971482023075, "categories_count": 1, "domain_classes": [{"random": [100.0, 100.0], "count": 305, "values": {"zero": 0.17478541968565378, "in_range": 0.8251031100211793, "flip": 0.00011147029316687103}, "frequency": 1.0}], "parameters": [{"keys": {"affected_channels_pct": {"RANDOM": [[20.0, 30.0], [0.0, 10.0], [10.0, 20.0], [40.0, 50.0], [30.0, 40.0]]}}, "stats": {"max_corrupted_channels": {"RANDOM": [32, 3, 12, 18, 25]}, "min_channel_skip": {"RANDOM": [1, 2]}, "max_channel_skip": {"RANDOM": [4, 6, 7, 9, 16]}}, "conditional_frequency": 1.0, "overall_frequency": 0.0022812778147602414, "count": 305}]}, "single_channel_random": {"count": 73, "frequency": 6.780390527919001e-06, "categories_count": 1, "domain_classes": [{"random": [100.0, 100.0], "count": 73, "values": {"in_range": 1.0}, "frequency": 1.0}], "parameters": [{"keys": {"channel_corruption_pct": {"RANDOM": [[20.0, 30.0], [0.0, 10.0], [10.0, 20.0], [40.0, 50.0], [30.0, 40.0]]}}, "stats": {"max_cardinality": {"RANDOM": [98, 290, 199, 392, 506]}, "min_value_skip": 1, "max_value_skip": {"RANDOM": [32, 21, 26, 283, 63]}}, "conditional_frequency": 1.0, "overall_frequency": 0.0005460107556639266, "count": 73}]}, "shattered_channel": {"count": 164, "frequency": 2.098110544143802e-08, "categories_count": 1, "domain_classes": [{"random": [100.0, 100.0], "count": 164, "values": {"zero": 0.021619762803982458, "in_range": 0.9707230980046682, "flip": 0.00765713919134941}, "frequency": 1.0}], "parameters": [{"keys": {"avg_span_corruption_pct": {"RANDOM": [[20.0, 30.0], [0.0, 10.0], [90.0, 100.0], [10.0, 20.0], [40.0, 50.0], [30.0, 40.0]]}, "affected_channels_pct": [40.0, 50.0]}, "stats": {"max_corrupted_channels": 32, "min_channel_skip": 1, "max_channel_skip": 1, "min_span_width": {"RANDOM": [1024, 2]}, "max_span_width": {"RANDOM": [1024, 541]}}, "conditional_frequency": 1.0, "overall_frequency": 0.0012266543003956708, "count": 164}]}, "single": {"count": 12, "frequency": 8.545693392188937e-05, "categories_count": 1, "domain_classes": [{"random": [100.0, 100.0], "count": 12, "values": {"in_range": 0.6666666666666666, "flip": 0.3333333333333333}, "frequency": 1.0}], "parameters": [{"keys": {}, "stats": {}, "conditional_frequency": 1.0, "overall_frequency": 8.975519271187835e-05, "count": 12}]}, "multi_channel_block": {"count": 25, "frequency": 5.883770255912789e-09, "categories_count": 1, "domain_classes": [{"random": [100.0, 100.0], "count": 25, "values": {"in_range": 1.0}, "frequency": 1.0}], "parameters": [{"keys": {"block_size": {"RANDOM": [16, 32, 64]}, "avg_block_corruption_pct": {"RANDOM": [[70.0, 80.0], [90.0, 100.0], [80.0, 90.0], [50.0, 60.0], [60.0, 70.0]]}, "affected_channels_pct": [40.0, 50.0]}, "stats": {"max_corrupted_channels": 32, "min_channel_skip": 1, "max_channel_skip": 1}, "conditional_frequency": 1.0, "overall_frequency": 0.00018698998481641324, "count": 25}]}}