{"_rejected_tensors_proportion": 0.0005929879178712127, "_rejected_tensor_count": 13491, "_tensor_count": 13483, "_categories_count": 2, "bullet_wake": {"count": 100, "frequency": 0.0009717291481507, "categories_count": 1, "domain_classes": [{"random": [100.0, 100.0], "count": 100, "values": {"nan": 0.0, "zero": 0.0807061790668348, "flip": 0.0006305170239596469, "in_range": 0.9186633039092056, "out_of_range": 0.0}, "frequency": 1.0}], "parameters": [{"keys": {"affected_channels_pct": {"RANDOM": [[0.0, 10.0], [10.0, 20.0]]}}, "stats": {"max_corrupted_channels": {"RANDOM": [16, 2]}, "min_channel_skip": {"RANDOM": [1, 14]}, "max_channel_skip": {"RANDOM": [1, 14]}}, "conditional_frequency": 1.0, "overall_frequency": 0.007416747014759326, "count": 100}]}, "shattered_channel": {"count": 74, "frequency": 6.577226033937299e-07, "categories_count": 1, "domain_classes": [{"random": [100.0, 100.0], "count": 74, "values": {"nan": 0.0, "zero": 0.1375647324392511, "flip": 0.08256186927366883, "in_range": 0.77987339828708, "out_of_range": 0.0}, "frequency": 1.0}], "parameters": [{"keys": {"avg_span_corruption_pct": {"RANDOM": [[80.0, 90.0], [70.0, 80.0], [90.0, 100.0], [50.0, 60.0]]}, "affected_channels_pct": [10.0, 20.0]}, "stats": {"max_corrupted_channels": 16, "min_channel_skip": 1, "max_channel_skip": 1, "min_span_width": {"RANDOM": [1024, 6]}, "max_span_width": 1024}, "conditional_frequency": 1.0, "overall_frequency": 0.005488392790921902, "count": 74}]}, "full_channels": {"count": 13309, "frequency": 0.998525965030692, "categories_count": 1, "domain_classes": [{"in_range": [100.0, 100.0], "count": 13074, "frequency": 0.9823427755654068}, {"in_range": [87.5, 100], "zero": [0.0, 12.5], "count": 231, "frequency": 0.017356675933578782}, {"random": [100.0, 100.0], "count": 4, "values": {"nan": 0.0, "zero": 0.0008882818810344504, "flip": 0.0, "in_range": 0.9991117181189656, "out_of_range": 0.0}, "frequency": 0.0003005485010143512}], "parameters": [{"keys": {"avg_channel_corruption_pct": [90.0, 100.0], "affected_channels_pct": [90.0, 100.0]}, "stats": {"max_corrupted_channels": 128, "min_channel_skip": 1, "max_channel_skip": 1}, "conditional_frequency": 1.0, "overall_frequency": 0.9870948601943188, "count": 13309}]}}