{"_rejected_tensors_proportion": 0.00010441371697911261, "_rejected_tensor_count": 67041, "_tensor_count": 67034, "_categories_count": 6, "bullet_wake": {"count": 237, "frequency": 0.0005588745522713, "categories_count": 1, "domain_classes": [{"random": [100.0, 100.0], "count": 237, "values": {"in_range": 0.9126637554585153, "zero": 0.08733624454148471}, "frequency": 1.0}], "parameters": [{"keys": {"affected_channels_pct": {"RANDOM": [[0.0, 10.0], [10.0, 20.0]]}}, "stats": {"max_corrupted_channels": {"RANDOM": [16, 12]}, "min_channel_skip": 1, "max_channel_skip": {"RANDOM": [9, 3]}}, "conditional_frequency": 1.0, "overall_frequency": 0.0035355192887191575, "count": 237}]}, "multi_channel_block": {"count": 43, "frequency": 1.0067192847328215e-07, "categories_count": 1, "domain_classes": [{"random": [100.0, 100.0], "count": 43, "values": {"in_range": 0.990798932018895, "zero": 0.00920106798110495}, "frequency": 1.0}], "parameters": [{"keys": {"block_size": {"RANDOM": [64, 16, 32]}, "avg_block_corruption_pct": {"RANDOM": [[70.0, 80.0], [90.0, 100.0], [80.0, 90.0], [50.0, 60.0], [60.0, 70.0]]}, "affected_channels_pct": [10.0, 20.0]}, "stats": {"max_corrupted_channels": 16, "min_channel_skip": 1, "max_channel_skip": 1}, "conditional_frequency": 1.0, "overall_frequency": 0.0006414655249574843, "count": 43}]}, "shattered_channel": {"count": 69, "frequency": 3.451323108963336e-07, "categories_count": 1, "domain_classes": [{"random": [100.0, 100.0], "count": 69, "values": {"in_range": 1.0}, "frequency": 1.0}], "parameters": [{"keys": {"avg_span_corruption_pct": {"RANDOM": [[0.0, 10.0], [40.0, 50.0], [90.0, 100.0], [30.0, 40.0]]}, "affected_channels_pct": [10.0, 20.0]}, "stats": {"max_corrupted_channels": 16, "min_channel_skip": 1, "max_channel_skip": 1, "min_span_width": {"RANDOM": [256, 2]}, "max_span_width": {"RANDOM": [256, 186]}}, "conditional_frequency": 1.0, "overall_frequency": 0.0010293284005131725, "count": 69}]}, "full_channels": {"count": 66667, "frequency": 0.9994101557329336, "categories_count": 2, "domain_classes": [{"in_range": [100.0, 100.0], "count": 58712, "frequency": 0.8806755966220169}, {"in_range": [87.5, 100.0], "out_of_range": [0.0, 100], "count": 7304, "frequency": 0.10955945220273898}, {"random": [100.0, 100.0], "count": 651, "values": {"in_range": 0.9998520317065758, "out_of_range": 3.4001209209066204e-06, "zero": 0.0001237832655206975, "flip": 2.078490698267342e-05}, "frequency": 0.009764951175244124}], "parameters": [{"keys": {"avg_channel_corruption_pct": [90.0, 100.0], "affected_channels_pct": [90.0, 100.0]}, "stats": {"max_corrupted_channels": 128, "min_channel_skip": 1, "max_channel_skip": 1}, "conditional_frequency": 0.9945400272998635, "overall_frequency": 0.9890950860757227, "count": 66303}, {"keys": {"avg_channel_corruption_pct": {"RANDOM": [[70.0, 80.0], [90.0, 100.0], [80.0, 90.0], [50.0, 60.0], [60.0, 70.0]]}, "affected_channels_pct": {"RANDOM": [[0.0, 10.0], [10.0, 20.0]]}}, "stats": {"max_corrupted_channels": {"RANDOM": [16, 1]}, "min_channel_skip": 1, "max_channel_skip": 1}, "conditional_frequency": 0.0054599727001364996, "overall_frequency": 0.005430080257779634, "count": 364}]}, "single": {"count": 6, "frequency": 2.4294300334346065e-05, "categories_count": 1, "domain_classes": [{"random": [100.0, 100.0], "count": 6, "values": {"in_range": 1.0}, "frequency": 1.0}], "parameters": [{"keys": {}, "stats": {}, "conditional_frequency": 1.0, "overall_frequency": 8.950681743592804e-05, "count": 6}]}, "single_channel_random": {"count": 12, "frequency": 6.17894669652062e-06, "categories_count": 1, "domain_classes": [{"random": [100.0, 100.0], "count": 12, "values": {"in_range": 1.0}, "frequency": 1.0}], "parameters": [{"keys": {"channel_corruption_pct": {"RANDOM": [[20.0, 30.0], [0.0, 10.0], [10.0, 20.0], [40.0, 50.0], [30.0, 40.0]]}}, "stats": {"max_cardinality": {"RANDOM": [128, 99, 37, 13, 60]}, "min_value_skip": 1, "max_value_skip": {"RANDOM": [25, 18, 19, 13]}}, "conditional_frequency": 1.0, "overall_frequency": 0.00017901363487185607, "count": 12}]}}